dataset_name,model_name,test_loss,test_acc,confusion_matrix,history
cbf,Encoder,0.5191466212272644,0.855555534362793,,"{""loss"": [1.103683590888977, 1.0573933124542236, 1.0185688734054565, 1.0035709142684937, 0.9565043449401855, 0.9231739640235901, 0.8803050518035889, 0.8143954277038574, 0.7452681660652161, 0.7254517674446106, 0.6654483079910278, 0.6310903429985046, 0.5678198933601379, 0.48964253067970276, 0.5136902928352356, 0.5047194361686707, 0.37229570746421814, 0.3482511043548584, 0.3129253089427948, 0.24142839014530182, 0.23778168857097626, 0.1820395588874817, 0.16552360355854034, 0.20784007012844086, 0.18491250276565552, 0.1318265199661255, 0.11323460191488266, 0.1023312509059906, 0.12481063604354858, 0.08974295854568481], ""accuracy"": [0.3333333432674408, 0.625, 0.7083333134651184, 0.8333333134651184, 0.875, 0.8333333134651184, 0.875, 0.8333333134651184, 0.9583333134651184, 0.9166666865348816, 0.9166666865348816, 0.9166666865348816, 0.9583333134651184, 0.9583333134651184, 0.9583333134651184, 0.9583333134651184, 1.0, 0.9583333134651184, 1.0, 1.0, 1.0, 1.0, 0.9583333134651184, 0.9583333134651184, 1.0, 1.0, 1.0, 1.0, 1.0, 1.0], ""val_loss"": [1.1253496408462524, 1.141325831413269, 1.1490217447280884, 1.149513602256775, 1.1583608388900757, 1.1677824258804321, 1.1841444969177246, 1.2170777320861816, 1.235032320022583, 1.2530391216278076, 1.2535102367401123, 1.25284743309021, 1.2593480348587036, 1.2769514322280884, 1.2656375169754028, 1.1172691583633423, 1.1425068378448486, 1.1267019510269165, 1.0827126502990723, 1.0691543817520142, 1.085726261138916, 1.0843907594680786, 1.0925925970077515, 1.0803860425949097, 1.046539068222046, 0.9726595282554626, 0.9546141028404236, 0.968616247177124, 0.9493823051452637, 0.9623377323150635], ""val_accuracy"": [0.1666666716337204, 0.1666666716337204, 0.1666666716337204, 0.1666666716337204, 0.1666666716337204, 0.1666666716337204, 0.1666666716337204, 0.1666666716337204, 0.1666666716337204, 0.1666666716337204, 0.1666666716337204, 0.1666666716337204, 0.1666666716337204, 0.1666666716337204, 0.1666666716337204, 0.1666666716337204, 0.1666666716337204, 0.3333333432674408, 0.5, 0.5, 0.5, 0.5, 0.5, 0.5, 0.5, 0.5, 0.5, 0.5, 0.5, 0.5]}"
gun_point_male_female,Encoder,0.04139585420489311,0.9841772317886353,,"{""loss"": [0.6301730275154114, 0.4609304368495941, 0.3102406859397888, 0.1916641891002655, 0.09544625878334045, 0.1391514092683792, 0.216758131980896, 0.062293749302625656, 0.1373596489429474, 0.05361037328839302, 0.03986136242747307, 0.013147933408617973, 0.0076653133146464825, 0.07514244318008423, 0.01741572469472885, 0.01718667894601822, 0.005712483543902636, 0.009552860632538795, 0.010109965689480305, 0.004245970863848925, 0.0017833999590948224, 0.006055673584342003, 0.00154977070633322, 0.0014160653809085488, 0.013539206236600876, 0.002745821140706539, 0.0016479732003062963, 0.0023360999766737223, 0.009938354603946209, 0.0038841331843286753], ""accuracy"": [0.75, 0.7314814925193787, 0.8796296119689941, 0.9351851940155029, 0.9722222089767456, 0.9537037014961243, 0.8796296119689941, 1.0, 0.9444444179534912, 0.9907407164573669, 0.9907407164573669, 1.0, 1.0, 0.9537037014961243, 1.0, 1.0, 1.0, 1.0, 1.0, 1.0, 1.0, 1.0, 1.0, 1.0, 0.9907407164573669, 1.0, 1.0, 1.0, 1.0, 1.0], ""val_loss"": [0.9079105854034424, 0.8070531487464905, 0.4568043053150177, 0.33210501074790955, 0.13916407525539398, 0.25141599774360657, 0.3825037181377411, 0.10801210254430771, 0.21416674554347992, 0.04685579240322113, 0.0437605194747448, 0.03816840797662735, 0.055417608469724655, 0.081044040620327, 0.11798643320798874, 0.0680333748459816, 0.05110999941825867, 0.0545186772942543, 0.01288431417196989, 0.07582003623247147, 0.022787488996982574, 0.007133136969059706, 0.013568175956606865, 0.007553029805421829, 0.03175061568617821, 0.01614575833082199, 0.008149981498718262, 0.0035563623532652855, 0.052238963544368744, 0.030294690281152725], ""val_accuracy"": [0.0, 0.5185185074806213, 0.8148148059844971, 0.7777777910232544, 1.0, 0.9259259104728699, 0.7777777910232544, 0.9629629850387573, 0.9629629850387573, 1.0, 1.0, 1.0, 1.0, 1.0, 0.9629629850387573, 0.9629629850387573, 1.0, 1.0, 1.0, 0.9629629850387573, 1.0, 1.0, 1.0, 1.0, 1.0, 1.0, 1.0, 1.0, 1.0, 1.0]}"
car,Encoder,0.8282248973846436,0.6833333373069763,,"{""loss"": [1.3765220642089844, 1.33635675907135, 1.3089829683303833, 1.2845531702041626, 1.2285770177841187, 1.1870510578155518, 1.1594754457473755, 1.113712191581726, 1.0662822723388672, 1.038370132446289, 0.9819167256355286, 0.9872758984565735, 0.9062613844871521, 0.9209087491035461, 0.8415955901145935, 0.8388450741767883, 0.7054359912872314, 0.6388394832611084, 0.6685147285461426, 0.692410945892334, 0.5219933986663818, 0.583811342716217, 0.584062933921814, 0.4804917573928833, 0.46410834789276123, 0.39339086413383484, 0.48303815722465515, 0.5128305554389954, 0.4352071285247803, 0.39562737941741943], ""accuracy"": [0.25, 0.2708333432674408, 0.3958333432674408, 0.375, 0.4791666567325592, 0.5208333134651184, 0.4791666567325592, 0.5416666865348816, 0.6041666865348816, 0.6458333134651184, 0.6666666865348816, 0.5833333134651184, 0.6666666865348816, 0.6041666865348816, 0.7083333134651184, 0.7083333134651184, 0.7708333134651184, 0.7916666865348816, 0.7916666865348816, 0.7083333134651184, 0.8333333134651184, 0.7916666865348816, 0.8125, 0.875, 0.8333333134651184, 0.8958333134651184, 0.8333333134651184, 0.8333333134651184, 0.8541666865348816, 0.8958333134651184], ""val_loss"": [1.3272595405578613, 1.280004858970642, 1.2367044687271118, 1.1690176725387573, 1.1160117387771606, 1.05172860622406, 0.9910954833030701, 0.9620137810707092, 0.8951447606086731, 0.8980348706245422, 0.8020933270454407, 0.7419271469116211, 0.7292499542236328, 0.6502907276153564, 0.7233325839042664, 0.6746179461479187, 0.6104912161827087, 0.6141911745071411, 0.5725958943367004, 0.5262722969055176, 0.5011775493621826, 0.5863764882087708, 0.5608571767807007, 0.5213146805763245, 0.509199857711792, 0.41475749015808105, 0.5689373016357422, 0.44834089279174805, 0.48100200295448303, 0.5664618611335754], ""val_accuracy"": [0.4166666567325592, 0.4166666567325592, 0.4166666567325592, 0.5833333134651184, 0.6666666865348816, 0.5833333134651184, 0.6666666865348816, 0.5833333134651184, 0.75, 0.75, 0.9166666865348816, 0.75, 0.8333333134651184, 0.9166666865348816, 0.9166666865348816, 0.8333333134651184, 0.8333333134651184, 0.8333333134651184, 0.9166666865348816, 0.9166666865348816, 0.8333333134651184, 0.8333333134651184, 0.8333333134651184, 0.8333333134651184, 0.8333333134651184, 0.8333333134651184, 0.8333333134651184, 0.8333333134651184, 0.8333333134651184, 0.8333333134651184]}"
abnormal_heartbeat,Encoder,1.2963443994522095,0.7463414669036865,,"{""loss"": [0.5061509609222412, 0.045807816088199615, 0.00659936061128974, 0.0015824674628674984, 0.0010344134643673897, 0.0006459787837229669, 0.0006142206257209182, 0.0009846228640526533, 0.0004329232906457037, 0.0004492583975661546, 0.0003407069016247988, 0.0002399537479504943, 0.00024177150044124573, 0.0002346127002965659, 0.00023372939904220402, 0.0004178572562523186, 0.00019307309412397444, 0.0002215463318862021, 0.00022378464927896857, 0.00022924230142962188, 0.0001676734973443672, 0.00019180898380000144, 0.00015468780475202948, 0.00013187556760385633, 0.0001501755614299327, 0.00012672423326876014, 0.0001094718390959315, 9.096407302422449e-05, 9.567972301738337e-05, 0.00010567557183094323], ""accuracy"": [0.699386477470398, 0.9754601120948792, 1.0, 1.0, 1.0, 1.0, 1.0, 1.0, 1.0, 1.0, 1.0, 1.0, 1.0, 1.0, 1.0, 1.0, 1.0, 1.0, 1.0, 1.0, 1.0, 1.0, 1.0, 1.0, 1.0, 1.0, 1.0, 1.0, 1.0, 1.0], ""val_loss"": [3.2126758098602295, 3.40767502784729, 3.7785983085632324, 3.93991756439209, 4.037709712982178, 4.102809906005859, 4.171957969665527, 4.143878936767578, 4.197142124176025, 4.2479567527771, 4.294566631317139, 4.3200554847717285, 4.349623680114746, 4.375417709350586, 4.403056621551514, 4.453073024749756, 4.475553035736084, 4.50756311416626, 4.521634101867676, 4.544644832611084, 4.566671848297119, 4.604089260101318, 4.625121116638184, 4.641701698303223, 4.664126396179199, 4.681439399719238, 4.697011947631836, 4.709752082824707, 4.7227911949157715, 4.737020969390869], ""val_accuracy"": [0.0, 0.0, 0.0, 0.0, 0.0, 0.0, 0.0, 0.0, 0.0, 0.0, 0.0, 0.0, 0.0, 0.0, 0.0, 0.0, 0.0, 0.0, 0.0, 0.0, 0.0, 0.0, 0.0, 0.0, 0.0, 0.0, 0.0, 0.0, 0.0, 0.0]}"
distal_phalanax_tw,Encoder,0.7979084253311157,0.6762589812278748,,"{""loss"": [1.088303565979004, 0.7438238859176636, 0.7306431531906128, 0.6924449801445007, 0.6613256335258484, 0.6407700777053833, 0.6190439462661743, 0.6141778826713562, 0.6056933403015137, 0.5864863991737366, 0.5481672286987305, 0.5629278421401978, 0.5547195672988892, 0.5348063707351685, 0.523379921913147, 0.5376710295677185, 0.5385748147964478, 0.49249720573425293, 0.48391246795654297, 0.502273678779602, 0.490204393863678, 0.4970429539680481, 0.5073093175888062, 0.4522724747657776, 0.4613698124885559, 0.4993301033973694, 0.4443703293800354, 0.4917868673801422, 0.43333202600479126, 0.45004910230636597], ""accuracy"": [0.6187499761581421, 0.753125011920929, 0.753125011920929, 0.753125011920929, 0.7593749761581421, 0.7749999761581421, 0.7875000238418579, 0.78125, 0.8125, 0.7906249761581421, 0.800000011920929, 0.784375011920929, 0.784375011920929, 0.793749988079071, 0.796875, 0.8062499761581421, 0.8062499761581421, 0.8062499761581421, 0.815625011920929, 0.8187500238418579, 0.809374988079071, 0.809374988079071, 0.8031250238418579, 0.8125, 0.809374988079071, 0.793749988079071, 0.831250011920929, 0.793749988079071, 0.831250011920929, 0.824999988079071], ""val_loss"": [0.9161235690116882, 0.8619171977043152, 0.8206165432929993, 0.804804801940918, 0.7612897157669067, 0.7351690530776978, 0.6987349390983582, 0.7126792669296265, 0.6724987626075745, 0.6429452896118164, 0.6802369356155396, 0.6144195795059204, 0.6932042837142944, 0.589438259601593, 0.5875452756881714, 0.615665078163147, 0.6058435440063477, 0.5738705396652222, 0.569934070110321, 0.5709491968154907, 0.6324836015701294, 0.6261542439460754, 0.5711691975593567, 0.5437696576118469, 0.5503919124603271, 0.5545992851257324, 0.6153534054756165, 0.6048307418823242, 0.5770296454429626, 0.5767681002616882], ""val_accuracy"": [0.675000011920929, 0.675000011920929, 0.675000011920929, 0.675000011920929, 0.7250000238418579, 0.699999988079071, 0.762499988079071, 0.7875000238418579, 0.737500011920929, 0.800000011920929, 0.7250000238418579, 0.8125, 0.7124999761581421, 0.7749999761581421, 0.8125, 0.762499988079071, 0.762499988079071, 0.7875000238418579, 0.800000011920929, 0.800000011920929, 0.75, 0.7124999761581421, 0.8125, 0.7875000238418579, 0.800000011920929, 0.7875000238418579, 0.75, 0.7749999761581421, 0.800000011920929, 0.762499988079071]}"
phalanges_outlines_correct,Encoder,0.5287548303604126,0.7097902297973633,,"{""loss"": [0.62953120470047, 0.6165729761123657, 0.6083596348762512, 0.5927567481994629, 0.5731530785560608, 0.5839788913726807, 0.5538696050643921, 0.5539327263832092, 0.5375893115997314, 0.5123277902603149, 0.4937051236629486, 0.4844485819339752, 0.48100578784942627, 0.48058784008026123, 0.4489101469516754, 0.4502235949039459, 0.4409022927284241, 0.4430699944496155, 0.431326299905777, 0.416258841753006, 0.4156906008720398, 0.3986072242259979, 0.3995613157749176, 0.3981803357601166, 0.3891598880290985, 0.38370129466056824, 0.39425531029701233, 0.3670074939727783, 0.3790632486343384, 0.3696943521499634], ""accuracy"": [0.6604166626930237, 0.675694465637207, 0.6840277910232544, 0.699999988079071, 0.7118055820465088, 0.7048611044883728, 0.7236111164093018, 0.7208333611488342, 0.7354166507720947, 0.7430555820465088, 0.7638888955116272, 0.7680555582046509, 0.7680555582046509, 0.7756944298744202, 0.8027777671813965, 0.793749988079071, 0.7993055582046509, 0.7902777791023254, 0.800694465637207, 0.8069444298744202, 0.8152777552604675, 0.8270833492279053, 0.8263888955116272, 0.8298611044883728, 0.8291666507720947, 0.831250011920929, 0.8229166865348816, 0.8430555462837219, 0.8222222328186035, 0.824305534362793], ""val_loss"": [0.6539730429649353, 0.686654269695282, 0.6990313529968262, 0.6993772983551025, 0.7050894498825073, 0.7276260256767273, 0.7380615472793579, 0.7203967571258545, 0.7642409205436707, 0.7358866930007935, 0.842755138874054, 0.8297709822654724, 0.8727665543556213, 0.7462051510810852, 0.825430154800415, 0.7635721564292908, 0.7744928002357483, 0.8625630736351013, 0.8238374590873718, 0.8876234292984009, 0.8261505365371704, 0.812654435634613, 0.7418816685676575, 0.7409904599189758, 0.9435126185417175, 0.7994179725646973, 0.826408326625824, 1.046541690826416, 0.7580686807632446, 0.863649845123291], ""val_accuracy"": [0.6111111044883728, 0.6111111044883728, 0.6111111044883728, 0.6138888597488403, 0.6166666746139526, 0.6166666746139526, 0.6222222447395325, 0.6138888597488403, 0.6166666746139526, 0.6305555701255798, 0.6166666746139526, 0.625, 0.6305555701255798, 0.6305555701255798, 0.6416666507720947, 0.6388888955116272, 0.550000011920929, 0.4611110985279083, 0.6388888955116272, 0.625, 0.4583333432674408, 0.4194444417953491, 0.6083333492279053, 0.6305555701255798, 0.4194444417953491, 0.5083333253860474, 0.41111111640930176, 0.40833333134651184, 0.49444442987442017, 0.4194444417953491]}"
swedish_leaf,Encoder,0.2856752872467041,0.91839998960495,,"{""loss"": [2.5843255519866943, 2.1442923545837402, 1.785656452178955, 1.3990988731384277, 1.1940243244171143, 1.0118610858917236, 0.9024600982666016, 0.7341112494468689, 0.6689366102218628, 0.5615167021751404, 0.5356405377388, 0.47707656025886536, 0.39330825209617615, 0.3632834255695343, 0.2973099648952484, 0.32042866945266724, 0.27316755056381226, 0.31173792481422424, 0.2413325160741806, 0.24930408596992493, 0.21093299984931946, 0.21634702384471893, 0.14612552523612976, 0.2006489783525467, 0.19788171350955963, 0.19892467558383942, 0.18922926485538483, 0.19997535645961761, 0.12670885026454926, 0.16658420860767365], ""accuracy"": [0.1875, 0.25999999046325684, 0.4124999940395355, 0.5550000071525574, 0.5874999761581421, 0.6549999713897705, 0.6875, 0.7425000071525574, 0.7825000286102295, 0.8274999856948853, 0.8299999833106995, 0.8399999737739563, 0.8675000071525574, 0.8725000023841858, 0.9100000262260437, 0.9024999737739563, 0.8974999785423279, 0.8725000023841858, 0.9200000166893005, 0.9200000166893005, 0.9424999952316284, 0.9325000047683716, 0.9624999761581421, 0.9300000071525574, 0.9350000023841858, 0.9399999976158142, 0.9449999928474426, 0.9399999976158142, 0.9649999737739563, 0.9424999952316284], ""val_loss"": [2.3917365074157715, 1.9508979320526123, 1.7425543069839478, 1.2962335348129272, 1.1898179054260254, 0.9924229383468628, 0.925773561000824, 0.9801339507102966, 0.7685897946357727, 0.6489554047584534, 0.5750985741615295, 0.595388650894165, 0.5022191405296326, 0.7295780777931213, 0.5041662454605103, 0.4692971706390381, 0.4294928312301636, 0.5530579090118408, 0.46069762110710144, 0.3786521852016449, 0.5181021690368652, 0.4109661877155304, 0.42437222599983215, 0.4383244812488556, 0.4968688189983368, 0.45064419507980347, 0.3931433856487274, 0.37531378865242004, 0.3834455907344818, 0.3478950560092926], ""val_accuracy"": [0.20999999344348907, 0.3100000023841858, 0.46000000834465027, 0.6499999761581421, 0.6299999952316284, 0.6499999761581421, 0.6700000166893005, 0.6600000262260437, 0.7799999713897705, 0.8500000238418579, 0.8600000143051147, 0.8100000023841858, 0.8600000143051147, 0.7099999785423279, 0.8500000238418579, 0.8500000238418579, 0.8700000047683716, 0.8199999928474426, 0.8399999737739563, 0.9200000166893005, 0.8799999952316284, 0.8600000143051147, 0.8899999856948853, 0.8700000047683716, 0.8399999737739563, 0.8500000238418579, 0.8799999952316284, 0.8700000047683716, 0.8799999952316284, 0.8899999856948853]}"
share_price_increase,Encoder,0.8602221012115479,0.6677018404006958,,"{""loss"": [0.4908488094806671, 0.40396979451179504, 0.3973034620285034, 0.39259448647499084, 0.3876749873161316, 0.3833095133304596, 0.3752472698688507, 0.36849844455718994, 0.3644486963748932, 0.34872716665267944, 0.33648625016212463, 0.329291969537735, 0.3194521367549896, 0.3109908699989319, 0.3004125952720642, 0.2785972058773041, 0.25267505645751953, 0.2365701049566269, 0.21527715027332306, 0.1922803819179535, 0.18789012730121613, 0.15829217433929443, 0.13874180614948273, 0.1314041018486023, 0.10711430758237839, 0.0807270035147667, 0.06593314558267593, 0.08050135523080826, 0.062071431428194046, 0.05460048466920853], ""accuracy"": [0.8510362505912781, 0.8588082790374756, 0.8588082790374756, 0.8588082790374756, 0.8588082790374756, 0.8588082790374756, 0.8588082790374756, 0.8588082790374756, 0.8588082790374756, 0.8588082790374756, 0.8588082790374756, 0.8588082790374756, 0.8601036071777344, 0.8639896512031555, 0.8704662919044495, 0.8756476640701294, 0.8847150206565857, 0.8963730335235596, 0.9054403901100159, 0.9196891188621521, 0.9339378476142883, 0.9455958604812622, 0.9455958604812622, 0.9559585452079773, 0.9637305736541748, 0.977979302406311, 0.9896373152732849, 0.9702072739601135, 0.9805699586868286, 0.9870466589927673], ""val_loss"": [1.7005140781402588, 1.9445364475250244, 1.9834376573562622, 1.9184629917144775, 1.947863221168518, 2.008613348007202, 2.0239672660827637, 1.9171558618545532, 2.0397284030914307, 2.1787843704223633, 2.240166425704956, 2.169963836669922, 1.7924877405166626, 1.985256314277649, 2.227888584136963, 2.4495632648468018, 2.2835898399353027, 2.6503894329071045, 2.6516616344451904, 1.9479461908340454, 2.8932039737701416, 2.8309736251831055, 2.906956195831299, 2.9885053634643555, 2.9139180183410645, 3.4769506454467773, 3.6032421588897705, 3.3112571239471436, 3.5416133403778076, 2.1814305782318115], ""val_accuracy"": [0.0, 0.0, 0.0, 0.0, 0.0, 0.0, 0.0, 0.0, 0.0, 0.0, 0.0, 0.0, 0.0, 0.0, 0.0, 0.0, 0.010362694039940834, 0.0, 0.005181347019970417, 0.0984455943107605, 0.015544041059911251, 0.020725388079881668, 0.04663212597370148, 0.041450776159763336, 0.07253886014223099, 0.041450776159763336, 0.036269430071115494, 0.05699481815099716, 0.05181347206234932, 0.14507772028446198]}"
distal_phalanx_outline,Encoder,0.4758182466030121,0.7862318754196167,,"{""loss"": [0.6658802628517151, 0.6246935725212097, 0.6029673218727112, 0.5780624151229858, 0.561966061592102, 0.5573409199714661, 0.5329670906066895, 0.5160644054412842, 0.5147733092308044, 0.4724433720111847, 0.4680371880531311, 0.4524925649166107, 0.4592760503292084, 0.4588685631752014, 0.4756678342819214, 0.41563162207603455, 0.4675160348415375, 0.4008879065513611, 0.3896121382713318, 0.36575812101364136, 0.40292343497276306, 0.382097065448761, 0.3886859118938446, 0.36967140436172485, 0.3842940330505371, 0.372651606798172, 0.3645264506340027, 0.38224583864212036, 0.37259426712989807, 0.3523397445678711], ""accuracy"": [0.5708333253860474, 0.6666666865348816, 0.6729166507720947, 0.7208333611488342, 0.7354166507720947, 0.7270833253860474, 0.7666666507720947, 0.7666666507720947, 0.737500011920929, 0.7854166626930237, 0.7749999761581421, 0.7854166626930237, 0.7833333611488342, 0.7791666388511658, 0.793749988079071, 0.8145833611488342, 0.7749999761581421, 0.8208333253860474, 0.8270833492279053, 0.8500000238418579, 0.8062499761581421, 0.8187500238418579, 0.8291666507720947, 0.8395833373069763, 0.831250011920929, 0.84375, 0.824999988079071, 0.8145833611488342, 0.8500000238418579, 0.8416666388511658], ""val_loss"": [0.4729579985141754, 0.442036896944046, 0.40291914343833923, 0.5598170161247253, 0.4118500053882599, 0.3401346504688263, 0.36024564504623413, 0.35101717710494995, 0.4088263213634491, 0.4514196217060089, 0.3710692524909973, 0.3070218861103058, 0.3012215793132782, 0.30369165539741516, 0.6016174554824829, 0.30014652013778687, 0.37428417801856995, 0.28006139397621155, 0.2847191393375397, 0.323584645986557, 0.2992039918899536, 1.3620507717132568, 0.26950135827064514, 0.3338558077812195, 0.439256489276886, 0.25788724422454834, 0.7774869799613953, 0.26648232340812683, 0.3483002483844757, 0.517729640007019], ""val_accuracy"": [0.8416666388511658, 0.8416666388511658, 0.8500000238418579, 0.8583333492279053, 0.8833333253860474, 0.8666666746139526, 0.8666666746139526, 0.8833333253860474, 0.8916666507720947, 0.875, 0.8833333253860474, 0.8666666746139526, 0.8666666746139526, 0.8583333492279053, 0.7250000238418579, 0.8583333492279053, 0.9083333611488342, 0.875, 0.9083333611488342, 0.8999999761581421, 0.9166666865348816, 0.15833333134651184, 0.8583333492279053, 0.8916666507720947, 0.8416666388511658, 0.8916666507720947, 0.574999988079071, 0.8583333492279053, 0.8916666507720947, 0.800000011920929]}"
strawberry,Encoder,0.18601921200752258,0.9486486315727234,,"{""loss"": [0.6240642666816711, 0.556769073009491, 0.5028815865516663, 0.4950564503669739, 0.47785910964012146, 0.45043352246284485, 0.39846479892730713, 0.3718193769454956, 0.38113564252853394, 0.329500287771225, 0.2964871823787689, 0.26694193482398987, 0.2594074606895447, 0.22876524925231934, 0.2688981294631958, 0.23307392001152039, 0.21522799134254456, 0.19913449883460999, 0.2084633857011795, 0.18115492165088654, 0.19065068662166595, 0.16026876866817474, 0.15552927553653717, 0.1606946587562561, 0.18259009718894958, 0.15685607492923737, 0.1478339433670044, 0.13748402893543243, 0.16497303545475006, 0.16010946035385132], ""accuracy"": [0.6653061509132385, 0.7020407915115356, 0.7326530814170837, 0.7367346882820129, 0.7571428418159485, 0.7571428418159485, 0.8020408153533936, 0.8285714387893677, 0.8265306353569031, 0.8551020622253418, 0.8714285492897034, 0.8775510191917419, 0.8877550959587097, 0.9122449159622192, 0.8795918226242065, 0.9020408391952515, 0.9142857193946838, 0.9163265228271484, 0.918367326259613, 0.9346938729286194, 0.9204081892967224, 0.9387755393981934, 0.9387755393981934, 0.9428571462631226, 0.922448992729187, 0.9306122660636902, 0.9428571462631226, 0.9448979496955872, 0.940816342830658, 0.9428571462631226], ""val_loss"": [0.7886232733726501, 0.7487272620201111, 0.9969654679298401, 0.5609036087989807, 0.5078596472740173, 0.42645707726478577, 0.5061933994293213, 0.4201231598854065, 0.35076460242271423, 0.3425712287425995, 0.4460599720478058, 0.24001310765743256, 0.3614313304424286, 0.2871517539024353, 0.2794373035430908, 0.2068263441324234, 0.23379072546958923, 0.2220769226551056, 0.24718411266803741, 0.20155967772006989, 0.20581817626953125, 0.19395795464515686, 0.26757726073265076, 0.19864332675933838, 0.20338578522205353, 0.188995361328125, 0.17990021407604218, 0.1638440042734146, 0.18327784538269043, 0.20922935009002686], ""val_accuracy"": [0.5528455376625061, 0.5528455376625061, 0.5528455376625061, 0.8130081295967102, 0.7560975551605225, 0.8373983502388, 0.6829268336296082, 0.8048780560493469, 0.8780487775802612, 0.8617886304855347, 0.707317054271698, 0.934959352016449, 0.8455284833908081, 0.9268292784690857, 0.9105691313743591, 0.934959352016449, 0.9512194991111755, 0.934959352016449, 0.9105691313743591, 0.934959352016449, 0.9512194991111755, 0.9593495726585388, 0.8943089246749878, 0.9268292784690857, 0.9268292784690857, 0.9430894255638123, 0.9512194991111755, 0.9593495726585388, 0.9593495726585388, 0.9512194991111755]}"
earthquakes,Encoder,0.7299315333366394,0.7482014298439026,,"{""loss"": [0.61874920129776, 0.5010626316070557, 0.47765645384788513, 0.45552119612693787, 0.45251649618148804, 0.4357379376888275, 0.4131855368614197, 0.4033251106739044, 0.37033742666244507, 0.35538068413734436, 0.3335927426815033, 0.26360297203063965, 0.23199433088302612, 0.21674056351184845, 0.1928730309009552, 0.14915898442268372, 0.1300579160451889, 0.13766971230506897, 0.13849233090877533, 0.11219148337841034, 0.1125311553478241, 0.10049065947532654, 0.07126995176076889, 0.06190790235996246, 0.050230298191308975, 0.04936894401907921, 0.07835365831851959, 0.06568431854248047, 0.0478917695581913, 0.043100643903017044], ""accuracy"": [0.7704280018806458, 0.8093385100364685, 0.8093385100364685, 0.8093385100364685, 0.8093385100364685, 0.8093385100364685, 0.8132295608520508, 0.8132295608520508, 0.8210116624832153, 0.8287937641143799, 0.8638132214546204, 0.8754863739013672, 0.8949416279792786, 0.9143968820571899, 0.9182879328727722, 0.9649805426597595, 0.9649805426597595, 0.9494163393974304, 0.957198441028595, 0.957198441028595, 0.9649805426597595, 0.9610894918441772, 0.9883268475532532, 0.9883268475532532, 0.9922178983688354, 0.9922178983688354, 0.9766536951065063, 0.9805447459220886, 0.9922178983688354, 0.9883268475532532], ""val_loss"": [0.4994581341743469, 0.42408713698387146, 0.40881597995758057, 0.4200840890407562, 0.42808032035827637, 0.4011877179145813, 0.40204498171806335, 0.4033549427986145, 0.40655985474586487, 0.39852410554885864, 0.38571327924728394, 0.3824407756328583, 0.3916078507900238, 0.3702313005924225, 0.3699973523616791, 0.3872630000114441, 0.37937697768211365, 0.3899954855442047, 0.3746413588523865, 0.42326319217681885, 0.38520288467407227, 0.39269912242889404, 0.4264780879020691, 0.37845760583877563, 0.46204447746276855, 0.4663781523704529, 0.4185267984867096, 0.41553086042404175, 0.4096620976924896, 0.4519733488559723], ""val_accuracy"": [0.8615384697914124, 0.8615384697914124, 0.8615384697914124, 0.8615384697914124, 0.8615384697914124, 0.8615384697914124, 0.8615384697914124, 0.8615384697914124, 0.8615384697914124, 0.8615384697914124, 0.8615384697914124, 0.8615384697914124, 0.8615384697914124, 0.8769230842590332, 0.8615384697914124, 0.8461538553237915, 0.8615384697914124, 0.8615384697914124, 0.8461538553237915, 0.8461538553237915, 0.8769230842590332, 0.8615384697914124, 0.8615384697914124, 0.8461538553237915, 0.8615384697914124, 0.8769230842590332, 0.8461538553237915, 0.8615384697914124, 0.8615384697914124, 0.8461538553237915]}"
electric_devices,Encoder,1.3675572872161865,0.7053560018539429,,"{""loss"": [1.2189393043518066, 0.8075233101844788, 0.6456007957458496, 0.5586416125297546, 0.49992799758911133, 0.4508659541606903, 0.43554624915122986, 0.4033931493759155, 0.38990089297294617, 0.35214921832084656, 0.33205941319465637, 0.3221656084060669, 0.29808396100997925, 0.2795697748661041, 0.27260512113571167, 0.24293199181556702, 0.23989251255989075, 0.23179976642131805, 0.21572032570838928, 0.20426751673221588, 0.20642401278018951, 0.1932271271944046, 0.18289786577224731, 0.17805026471614838, 0.16010193526744843, 0.16481053829193115, 0.15862935781478882, 0.15308062732219696, 0.14785617589950562, 0.1453983187675476], ""accuracy"": [0.5711484551429749, 0.717507004737854, 0.7782913446426392, 0.804341733455658, 0.8201680779457092, 0.8424369692802429, 0.8467786908149719, 0.8542016744613647, 0.8623249530792236, 0.8731092214584351, 0.8837534785270691, 0.886274516582489, 0.8942577242851257, 0.8985994458198547, 0.9021008610725403, 0.9166666865348816, 0.9119047522544861, 0.9183473587036133, 0.9214285612106323, 0.9278711676597595, 0.9228291511535645, 0.929411768913269, 0.9340336322784424, 0.9372549057006836, 0.9415966272354126, 0.9382352828979492, 0.9407563209533691, 0.9418767690658569, 0.9490196108818054, 0.9462184906005859], ""val_loss"": [0.9524534344673157, 0.9175560474395752, 0.8166800737380981, 0.9127100110054016, 0.8863954544067383, 0.929563045501709, 0.979091227054596, 0.9682600498199463, 0.9914952516555786, 0.9845031499862671, 1.0387598276138306, 1.0021981000900269, 0.9977693557739258, 1.0184659957885742, 0.9992837309837341, 1.0671929121017456, 1.0429208278656006, 1.069736361503601, 1.1180082559585571, 1.109588384628296, 1.1068280935287476, 1.0644365549087524, 1.1050337553024292, 1.1093124151229858, 1.199435830116272, 1.1632665395736694, 1.1484893560409546, 1.1976412534713745, 1.147794246673584, 1.1715867519378662], ""val_accuracy"": [0.6590145826339722, 0.6707726716995239, 0.7110862135887146, 0.6769316792488098, 0.7032474875450134, 0.6948488354682922, 0.6774916052818298, 0.6836506128311157, 0.6892496943473816, 0.6909294724464417, 0.6819708943367004, 0.6976484060287476, 0.6920492649078369, 0.6993281245231628, 0.686450183391571, 0.6730123162269592, 0.6998879909515381, 0.6898096203804016, 0.6875699758529663, 0.6942889094352722, 0.6937289834022522, 0.6886898279190063, 0.6993281245231628, 0.6987681984901428, 0.6898096203804016, 0.6836506128311157, 0.6847704648971558, 0.693169116973877, 0.7026875615119934, 0.707166850566864]}"
fifty_words,Encoder,2.391066789627075,0.5208791494369507,,"{""loss"": [3.8170769214630127, 3.2252087593078613, 2.51705002784729, 1.9868664741516113, 1.6461297273635864, 1.397182822227478, 1.0826494693756104, 0.976832926273346, 0.6903967261314392, 0.7338417768478394, 0.5093041062355042, 0.46516135334968567, 0.34912627935409546, 0.3591056764125824, 0.34786611795425415, 0.24531474709510803, 0.15071463584899902, 0.20378337800502777, 0.15773305296897888, 0.12164594978094101, 0.15103836357593536, 0.11842875182628632, 0.15689046680927277, 0.06940928846597672, 0.1152239516377449, 0.06929202377796173, 0.06153317913413048, 0.06198439002037048, 0.045579228550195694, 0.06068277359008789], ""accuracy"": [0.16111111640930176, 0.32777777314186096, 0.4027777910232544, 0.46666666865348816, 0.5222222208976746, 0.5638889074325562, 0.675000011920929, 0.7111111283302307, 0.8111110925674438, 0.7861111164093018, 0.8583333492279053, 0.8611111044883728, 0.9194444417953491, 0.9111111164093018, 0.9305555820465088, 0.9472222328186035, 0.9750000238418579, 0.9416666626930237, 0.9638888835906982, 0.980555534362793, 0.9666666388511658, 0.9750000238418579, 0.9694444537162781, 0.9972222447395325, 0.9777777791023254, 0.9861111044883728, 0.9888888597488403, 0.9944444298744202, 0.9944444298744202, 0.9888888597488403], ""val_loss"": [3.6000332832336426, 2.986992835998535, 2.4817113876342773, 2.2612853050231934, 2.076617956161499, 1.9116556644439697, 1.7505489587783813, 1.78548002243042, 1.678647756576538, 1.6991106271743774, 1.6374431848526, 1.552067756652832, 1.6327084302902222, 1.6425704956054688, 1.513956904411316, 1.4986945390701294, 1.5979406833648682, 1.6005043983459473, 1.6040961742401123, 1.6226096153259277, 1.5860644578933716, 1.6368328332901, 1.6476268768310547, 1.6682031154632568, 1.6585091352462769, 1.6619254350662231, 1.6813194751739502, 1.6487445831298828, 1.6663641929626465, 1.6791012287139893], ""val_accuracy"": [0.36666667461395264, 0.42222222685813904, 0.4333333373069763, 0.46666666865348816, 0.5333333611488342, 0.5222222208976746, 0.5666666626930237, 0.5333333611488342, 0.6333333253860474, 0.5888888835906982, 0.6333333253860474, 0.6555555462837219, 0.6333333253860474, 0.6111111044883728, 0.6333333253860474, 0.6888889074325562, 0.644444465637207, 0.6333333253860474, 0.6555555462837219, 0.644444465637207, 0.6333333253860474, 0.6111111044883728, 0.6111111044883728, 0.644444465637207, 0.6333333253860474, 0.6222222447395325, 0.6222222447395325, 0.644444465637207, 0.6555555462837219, 0.644444465637207]}"
freezers,Encoder,0.13191333413124084,0.9435087442398071,,"{""loss"": [0.6637812256813049, 0.6441227197647095, 0.5349628329277039, 0.506045937538147, 0.5219123959541321, 0.5018514394760132, 0.43400660157203674, 0.43325480818748474, 0.40723884105682373, 0.3825502395629883, 0.3879074454307556, 0.3612276613712311, 0.37038686871528625, 0.33754125237464905, 0.33208945393562317, 0.24439102411270142, 0.210393488407135, 0.18875746428966522, 0.11673222482204437, 0.13872455060482025, 0.25096699595451355, 0.08345310389995575, 0.10656356066465378, 0.14253447949886322, 0.07846573740243912, 0.029260816052556038, 0.060433801263570786, 0.023689961060881615, 0.013074235059320927, 0.041426882147789], ""accuracy"": [0.6416666507720947, 0.6833333373069763, 0.7416666746139526, 0.7749999761581421, 0.7749999761581421, 0.7166666388511658, 0.7749999761581421, 0.7666666507720947, 0.7583333253860474, 0.8333333134651184, 0.800000011920929, 0.8583333492279053, 0.8083333373069763, 0.8833333253860474, 0.8583333492279053, 0.9166666865348816, 0.925000011920929, 0.9166666865348816, 0.9583333134651184, 0.949999988079071, 0.8833333253860474, 0.9833333492279053, 0.9750000238418579, 0.9416666626930237, 0.9750000238418579, 1.0, 0.9833333492279053, 1.0, 1.0, 0.9833333492279053], ""val_loss"": [0.7629377841949463, 1.1750448942184448, 0.40751832723617554, 0.6360234618186951, 0.47812002897262573, 0.7472766637802124, 0.5715512633323669, 1.1770793199539185, 0.5111047029495239, 0.949130117893219, 0.6382016539573669, 0.2303077131509781, 0.20123077929019928, 0.21547286212444305, 0.1409938782453537, 0.10330565273761749, 0.38672491908073425, 0.22479720413684845, 0.0874253436923027, 1.1005160808563232, 0.19488725066184998, 0.029507428407669067, 0.0584527961909771, 0.19657064974308014, 0.06583195179700851, 0.039247531443834305, 0.015482502989470959, 0.015524361282587051, 0.01154276728630066, 0.009307478554546833], ""val_accuracy"": [0.4000000059604645, 0.03333333507180214, 0.8999999761581421, 0.800000011920929, 0.8999999761581421, 0.6666666865348816, 0.8333333134651184, 0.3333333432674408, 0.8666666746139526, 0.3333333432674408, 0.800000011920929, 0.9333333373069763, 0.9333333373069763, 0.9666666388511658, 0.9666666388511658, 0.9666666388511658, 0.8999999761581421, 0.9666666388511658, 0.9666666388511658, 0.13333334028720856, 0.9333333373069763, 1.0, 0.9666666388511658, 0.8999999761581421, 0.9666666388511658, 0.9666666388511658, 1.0, 1.0, 1.0, 1.0]}"
synthetic_control,Encoder,0.91787189245224,0.8266666531562805,,"{""loss"": [1.7149266004562378, 1.5006966590881348, 1.1826478242874146, 0.905246913433075, 0.7036908268928528, 0.5471808314323425, 0.4480520784854889, 0.35964101552963257, 0.2836628556251526, 0.22164560854434967, 0.18435852229595184, 0.15382780134677887, 0.12608888745307922, 0.10299325734376907, 0.08318476378917694, 0.06438258290290833, 0.06776086986064911, 0.05086958780884743, 0.06444863975048065, 0.03945625573396683, 0.03437727689743042, 0.03675442561507225, 0.03243950381875038, 0.02318248338997364, 0.02690081112086773, 0.029663722962141037, 0.020724469795823097, 0.020956842228770256, 0.0228172168135643, 0.0176563523709774], ""accuracy"": [0.4416666626930237, 0.6958333253860474, 0.7333333492279053, 0.7416666746139526, 0.8291666507720947, 0.887499988079071, 0.9583333134651184, 0.9666666388511658, 0.9833333492279053, 0.987500011920929, 0.9958333373069763, 0.9916666746139526, 0.9958333373069763, 0.9958333373069763, 1.0, 1.0, 1.0, 1.0, 0.9958333373069763, 1.0, 1.0, 0.9958333373069763, 1.0, 1.0, 1.0, 1.0, 1.0, 0.9958333373069763, 1.0, 1.0], ""val_loss"": [1.95344877243042, 2.150918483734131, 2.4455459117889404, 2.668599843978882, 2.8354077339172363, 2.978529453277588, 3.1090989112854004, 3.2052910327911377, 3.2920961380004883, 3.4054932594299316, 3.492745876312256, 3.545708656311035, 3.6167683601379395, 3.7371318340301514, 3.7983014583587646, 3.8820548057556152, 3.9538650512695312, 3.9760100841522217, 4.058932304382324, 4.0967841148376465, 4.12860631942749, 4.132898330688477, 4.168272495269775, 4.18157958984375, 4.2079644203186035, 4.222775936126709, 4.2536749839782715, 4.3064961433410645, 4.36900520324707, 4.395264148712158], ""val_accuracy"": [0.01666666753590107, 0.0, 0.0, 0.05000000074505806, 0.11666666716337204, 0.1666666716337204, 0.1666666716337204, 0.1666666716337204, 0.1666666716337204, 0.1666666716337204, 0.1666666716337204, 0.1666666716337204, 0.1666666716337204, 0.1666666716337204, 0.1666666716337204, 0.1666666716337204, 0.1666666716337204, 0.1666666716337204, 0.1666666716337204, 0.1666666716337204, 0.1666666716337204, 0.1666666716337204, 0.1666666716337204, 0.1666666716337204, 0.1666666716337204, 0.1666666716337204, 0.1666666716337204, 0.1666666716337204, 0.1666666716337204, 0.1666666716337204]}"
gun_point_age_span,Encoder,0.35259073972702026,0.9082278609275818,,"{""loss"": [0.617990255355835, 0.41063234210014343, 0.3353494107723236, 0.28806930780410767, 0.24083395302295685, 0.21157801151275635, 0.2330893725156784, 0.20602372288703918, 0.19911092519760132, 0.1815391480922699, 0.16586655378341675, 0.17185281217098236, 0.17208917438983917, 0.13289423286914825, 0.12837372720241547, 0.08973492681980133, 0.1280793845653534, 0.09881943464279175, 0.07726635783910751, 0.1020398959517479, 0.111721932888031, 0.07334934175014496, 0.10127393156290054, 0.08207374066114426, 0.14855852723121643, 0.08590434491634369, 0.08564769476652145, 0.0846937820315361, 0.05815830081701279, 0.0562625452876091], ""accuracy"": [0.7222222089767456, 0.8518518805503845, 0.9166666865348816, 0.9351851940155029, 0.9351851940155029, 0.9351851940155029, 0.9351851940155029, 0.9444444179534912, 0.9537037014961243, 0.9444444179534912, 0.9629629850387573, 0.9537037014961243, 0.9537037014961243, 0.9629629850387573, 0.9629629850387573, 0.9814814925193787, 0.9537037014961243, 0.9722222089767456, 0.9722222089767456, 0.9629629850387573, 0.9629629850387573, 0.9814814925193787, 0.9537037014961243, 0.9722222089767456, 0.9351851940155029, 0.9629629850387573, 0.9629629850387573, 0.9722222089767456, 0.9814814925193787, 0.9814814925193787], ""val_loss"": [0.8791139125823975, 0.7960559129714966, 0.7399061918258667, 0.6350284814834595, 0.548089325428009, 0.5807111859321594, 0.6980847716331482, 0.7669185996055603, 0.7522375583648682, 0.5519974231719971, 0.690391480922699, 0.9123637080192566, 0.5610707402229309, 0.9457359910011292, 0.7096898555755615, 0.6707029938697815, 0.7358826398849487, 0.5825793743133545, 0.777824878692627, 0.9505917429924011, 0.7903904914855957, 0.6679573655128479, 0.6828529834747314, 0.7849448323249817, 0.7637446522712708, 0.4192313849925995, 0.5605601668357849, 0.8294194340705872, 0.6660259366035461, 0.7477182745933533], ""val_accuracy"": [0.29629629850387573, 0.7037037014961243, 0.7777777910232544, 0.7777777910232544, 0.8148148059844971, 0.8148148059844971, 0.7777777910232544, 0.7777777910232544, 0.8148148059844971, 0.8148148059844971, 0.8148148059844971, 0.7777777910232544, 0.8148148059844971, 0.7777777910232544, 0.8148148059844971, 0.8148148059844971, 0.8148148059844971, 0.8518518805503845, 0.8148148059844971, 0.8148148059844971, 0.8518518805503845, 0.8148148059844971, 0.8518518805503845, 0.8518518805503845, 0.8148148059844971, 0.8888888955116272, 0.8888888955116272, 0.8148148059844971, 0.8518518805503845, 0.8148148059844971]}"
trace,Encoder,0.5127863883972168,0.8199999928474426,,"{""loss"": [1.3180460929870605, 1.03127121925354, 0.7672387957572937, 0.6657754182815552, 0.5784481763839722, 0.48685550689697266, 0.4827807545661926, 0.3614051938056946, 0.3872092366218567, 0.34789150953292847, 0.198518306016922, 0.48760882019996643, 0.3467869460582733, 0.28794071078300476, 0.28002092242240906, 0.3116361200809479, 0.1711810678243637, 0.06031397730112076, 0.04991285875439644, 0.024658137932419777, 0.013206136412918568, 0.020058467984199524, 0.021597813814878464, 0.012817373499274254, 0.027705246582627296, 0.010781694203615189, 0.007619199808686972, 0.007719428278505802, 0.012381029315292835, 0.007473140023648739], ""accuracy"": [0.42500001192092896, 0.7124999761581421, 0.6625000238418579, 0.6499999761581421, 0.7250000238418579, 0.762499988079071, 0.7250000238418579, 0.875, 0.800000011920929, 0.8500000238418579, 0.9375, 0.7124999761581421, 0.8374999761581421, 0.9125000238418579, 0.862500011920929, 0.887499988079071, 0.949999988079071, 0.987500011920929, 1.0, 1.0, 1.0, 1.0, 1.0, 1.0, 1.0, 1.0, 1.0, 1.0, 1.0, 1.0], ""val_loss"": [1.2107422351837158, 1.1325550079345703, 0.8890153765678406, 0.7781519293785095, 0.6726685762405396, 0.6692023873329163, 0.6625059843063354, 0.638967752456665, 0.6079111099243164, 0.5472896099090576, 0.5630115270614624, 0.5794920921325684, 0.5932148098945618, 0.5094234943389893, 0.5787402391433716, 0.5209783315658569, 0.44936999678611755, 0.4577409625053406, 0.42787227034568787, 0.4220181405544281, 0.3707559406757355, 0.4259147644042969, 0.3530779778957367, 0.39296668767929077, 0.34891435503959656, 0.3453172743320465, 0.37030473351478577, 0.37182706594467163, 0.3288988471031189, 0.32533499598503113], ""val_accuracy"": [0.3499999940395355, 0.5, 0.5, 0.6000000238418579, 0.6499999761581421, 0.6499999761581421, 0.8500000238418579, 0.800000011920929, 0.75, 0.800000011920929, 0.8500000238418579, 0.8500000238418579, 0.8500000238418579, 0.8999999761581421, 0.8500000238418579, 0.8999999761581421, 0.8999999761581421, 0.8999999761581421, 0.8999999761581421, 0.8999999761581421, 0.8999999761581421, 0.8999999761581421, 0.8999999761581421, 0.8999999761581421, 0.8999999761581421, 0.8999999761581421, 0.8999999761581421, 0.8999999761581421, 0.8999999761581421, 0.8999999761581421]}"
fish,Encoder,0.522297739982605,0.822857141494751,,"{""loss"": [1.9393960237503052, 1.8786665201187134, 1.7566357851028442, 1.549439549446106, 1.3589242696762085, 1.1193126440048218, 0.981185257434845, 0.7816531658172607, 0.6798727512359619, 0.5306987762451172, 0.47740641236305237, 0.4265691041946411, 0.33360061049461365, 0.31237587332725525, 0.30741432309150696, 0.23482026159763336, 0.1899471879005432, 0.1872214525938034, 0.1417163908481598, 0.11820372194051743, 0.1601850986480713, 0.1768888682126999, 0.08339160680770874, 0.07033588737249374, 0.11282913386821747, 0.08384944498538971, 0.07980075478553772, 0.05292810499668121, 0.05654241889715195, 0.0408363863825798], ""accuracy"": [0.18571428954601288, 0.27142858505249023, 0.41428571939468384, 0.5571428537368774, 0.6071428656578064, 0.6785714030265808, 0.6642857193946838, 0.7928571701049805, 0.800000011920929, 0.8357142806053162, 0.8642857074737549, 0.8642857074737549, 0.8999999761581421, 0.9142857193946838, 0.8928571343421936, 0.9357143044471741, 0.9642857313156128, 0.9571428298950195, 0.9714285731315613, 0.9714285731315613, 0.9571428298950195, 0.9642857313156128, 0.9785714149475098, 0.9928571581840515, 0.9642857313156128, 0.9928571581840515, 0.9785714149475098, 0.9928571581840515, 1.0, 1.0], ""val_loss"": [1.9212617874145508, 1.8866277933120728, 1.7945665121078491, 1.6368433237075806, 1.4939155578613281, 1.309374451637268, 1.1153876781463623, 1.077763319015503, 0.880661129951477, 0.9840520620346069, 0.8692465424537659, 0.9597451090812683, 0.7564932703971863, 0.731795608997345, 0.7739075422286987, 0.8430019021034241, 0.7088577151298523, 0.8168112635612488, 0.7208493947982788, 0.6520208716392517, 0.8657944798469543, 0.7038626074790955, 0.7809672355651855, 0.6539543271064758, 0.6704772114753723, 0.762056291103363, 0.7153192162513733, 0.6777529716491699, 0.7004913687705994, 0.6893699765205383], ""val_accuracy"": [0.17142857611179352, 0.4000000059604645, 0.48571428656578064, 0.5428571701049805, 0.5428571701049805, 0.5714285969734192, 0.6285714507102966, 0.6285714507102966, 0.6571428775787354, 0.6571428775787354, 0.6571428775787354, 0.6000000238418579, 0.7428571581840515, 0.6857143044471741, 0.7142857313156128, 0.6000000238418579, 0.7142857313156128, 0.6285714507102966, 0.6571428775787354, 0.7142857313156128, 0.6857143044471741, 0.6857143044471741, 0.6285714507102966, 0.7142857313156128, 0.7428571581840515, 0.6285714507102966, 0.6571428775787354, 0.7142857313156128, 0.7428571581840515, 0.6857143044471741]}"
middle_phalanx_age_group,Encoder,0.9296414256095886,0.5974025726318359,,"{""loss"": [0.8233356475830078, 0.618018388748169, 0.5884720087051392, 0.5705611109733582, 0.5573430061340332, 0.5375794172286987, 0.5363500118255615, 0.5348092317581177, 0.5510597229003906, 0.5213900208473206, 0.5134113430976868, 0.5438145399093628, 0.5322629809379578, 0.5228941440582275, 0.5155790448188782, 0.5203591585159302, 0.5202506184577942, 0.5061060190200806, 0.518837571144104, 0.5228789448738098, 0.5068088173866272, 0.5146198868751526, 0.5049431324005127, 0.503180205821991, 0.5040072798728943, 0.5051513910293579, 0.49627915024757385, 0.4994073808193207, 0.5002002716064453, 0.5071730017662048], ""accuracy"": [0.612500011920929, 0.737500011920929, 0.734375, 0.7437499761581421, 0.7718750238418579, 0.75, 0.7593749761581421, 0.768750011920929, 0.734375, 0.7749999761581421, 0.800000011920929, 0.7406250238418579, 0.737500011920929, 0.7718750238418579, 0.768750011920929, 0.78125, 0.784375011920929, 0.765625, 0.778124988079071, 0.7906249761581421, 0.7906249761581421, 0.778124988079071, 0.78125, 0.784375011920929, 0.784375011920929, 0.784375011920929, 0.7749999761581421, 0.784375011920929, 0.765625, 0.78125], ""val_loss"": [0.3352763056755066, 0.33640047907829285, 0.45517244935035706, 0.3362113833427429, 0.37776869535446167, 0.36897706985473633, 0.3602682948112488, 0.3392102122306824, 0.3457029461860657, 0.354927659034729, 0.3471760153770447, 0.36409157514572144, 0.34511956572532654, 0.3388567566871643, 0.3394302725791931, 0.39503851532936096, 0.3513089716434479, 0.329855740070343, 0.3481771945953369, 0.3543853461742401, 0.3545362055301666, 0.33082830905914307, 0.3398112654685974, 0.3415098786354065, 0.3430120348930359, 0.3768647313117981, 0.34093451499938965, 0.34056538343429565, 0.3434794545173645, 0.34570232033729553], ""val_accuracy"": [0.887499988079071, 0.887499988079071, 0.887499988079071, 0.887499988079071, 0.875, 0.875, 0.887499988079071, 0.887499988079071, 0.887499988079071, 0.875, 0.887499988079071, 0.887499988079071, 0.875, 0.875, 0.887499988079071, 0.862500011920929, 0.887499988079071, 0.887499988079071, 0.875, 0.875, 0.887499988079071, 0.875, 0.887499988079071, 0.875, 0.862500011920929, 0.875, 0.875, 0.862500011920929, 0.875, 0.875]}"
lightning_7,Encoder,2.691434144973755,0.4109589159488678,,"{""loss"": [1.9463618993759155, 1.6719459295272827, 1.339477300643921, 1.1243417263031006, 0.778978705406189, 0.6003855466842651, 0.35782384872436523, 0.22614112496376038, 0.3072115480899811, 0.23555876314640045, 0.10898719727993011, 0.06841973215341568, 0.0881117507815361, 0.07222525775432587, 0.05751531943678856, 0.06161889806389809, 0.0674104318022728, 0.06442193686962128, 0.03214786574244499, 0.026093991473317146, 0.0268836822360754, 0.02741110324859619, 0.015385692939162254, 0.014003647491335869, 0.03560145944356918, 0.00872147735208273, 0.017547087743878365, 0.017870187759399414, 0.0102406470105052, 0.03338798135519028], ""accuracy"": [0.1607142835855484, 0.5714285969734192, 0.6964285969734192, 0.75, 0.9285714030265808, 0.9285714030265808, 0.9285714030265808, 0.9642857313156128, 0.9642857313156128, 0.9464285969734192, 0.9642857313156128, 1.0, 0.9821428656578064, 0.9821428656578064, 1.0, 1.0, 1.0, 0.9821428656578064, 1.0, 1.0, 1.0, 1.0, 1.0, 1.0, 1.0, 1.0, 1.0, 1.0, 1.0, 1.0], ""val_loss"": [1.8499141931533813, 1.7601674795150757, 1.5802720785140991, 1.4310389757156372, 1.3068464994430542, 1.225666880607605, 1.1261658668518066, 1.087839961051941, 1.1390517950057983, 1.063594102859497, 1.0812371969223022, 1.1176121234893799, 1.1572532653808594, 1.1098908185958862, 1.1422840356826782, 1.1746618747711182, 1.1326459646224976, 1.137119174003601, 1.1567823886871338, 1.1647974252700806, 1.1710411310195923, 1.166653037071228, 1.1905280351638794, 1.2389193773269653, 1.1673754453659058, 1.1834523677825928, 1.1377573013305664, 1.172406554222107, 1.1900416612625122, 1.2379839420318604], ""val_accuracy"": [0.4285714328289032, 0.3571428656578064, 0.5714285969734192, 0.4285714328289032, 0.5, 0.5714285969734192, 0.6428571343421936, 0.7142857313156128, 0.7142857313156128, 0.6428571343421936, 0.7142857313156128, 0.7142857313156128, 0.6428571343421936, 0.6428571343421936, 0.5714285969734192, 0.5714285969734192, 0.6428571343421936, 0.6428571343421936, 0.6428571343421936, 0.5714285969734192, 0.6428571343421936, 0.6428571343421936, 0.6428571343421936, 0.5714285969734192, 0.6428571343421936, 0.5714285969734192, 0.6428571343421936, 0.5714285969734192, 0.5714285969734192, 0.6428571343421936]}"
colposcopy,Encoder,1.9281444549560547,0.2772277295589447,,"{""loss"": [1.7916306257247925, 1.7582989931106567, 1.7281438112258911, 1.702234148979187, 1.6738035678863525, 1.6418546438217163, 1.5906121730804443, 1.5568243265151978, 1.492179036140442, 1.4572949409484863, 1.3653212785720825, 1.2962090969085693, 1.2302937507629395, 1.2095669507980347, 1.1074860095977783, 1.0843453407287598, 0.9798235297203064, 0.9694081544876099, 0.8848541975021362, 0.8184916973114014, 0.7584152221679688, 0.6965059041976929, 0.5688722133636475, 0.5486993193626404, 0.4308314621448517, 0.4006827771663666, 0.3833789825439453, 0.3600546419620514, 0.3716409206390381, 0.3321920931339264], ""accuracy"": [0.16455696523189545, 0.3291139304637909, 0.4303797483444214, 0.4430379867553711, 0.4556961953639984, 0.4556961953639984, 0.4683544337749481, 0.4683544337749481, 0.5316455960273743, 0.5443037748336792, 0.5316455960273743, 0.5696202516555786, 0.5569620132446289, 0.6202531456947327, 0.7088607549667358, 0.6455696225166321, 0.7594936490058899, 0.7088607549667358, 0.7215189933776855, 0.8354430198669434, 0.8227847814559937, 0.8860759735107422, 0.8860759735107422, 0.8734177350997925, 0.9746835231781006, 0.9746835231781006, 0.9240506291389465, 0.9240506291389465, 0.9620253443717957, 0.9746835231781006], ""val_loss"": [1.8322454690933228, 1.8521064519882202, 1.8669402599334717, 1.8877537250518799, 1.9009933471679688, 1.916980504989624, 1.9162304401397705, 1.8482353687286377, 1.9283920526504517, 1.8362764120101929, 1.899437665939331, 2.2536277770996094, 1.8361003398895264, 1.8826916217803955, 2.126699924468994, 2.0651886463165283, 1.825415015220642, 2.1687424182891846, 2.2894725799560547, 1.956411600112915, 2.0792148113250732, 2.1386232376098633, 1.964585542678833, 1.8411896228790283, 1.7857701778411865, 1.8960269689559937, 2.004488468170166, 1.7032390832901, 1.880556344985962, 2.31480073928833], ""val_accuracy"": [0.0, 0.0, 0.0, 0.0, 0.0, 0.0, 0.0, 0.0, 0.0, 0.0, 0.0, 0.0, 0.10000000149011612, 0.05000000074505806, 0.0, 0.0, 0.10000000149011612, 0.0, 0.0, 0.0, 0.05000000074505806, 0.05000000074505806, 0.25, 0.3499999940395355, 0.3499999940395355, 0.25, 0.15000000596046448, 0.3499999940395355, 0.30000001192092896, 0.05000000074505806]}"
cricket_y,Encoder,1.6386648416519165,0.5153846144676208,,"{""loss"": [2.4370858669281006, 2.209721088409424, 1.817897081375122, 1.4385297298431396, 1.092088222503662, 0.8520997166633606, 0.6539371609687805, 0.5356833338737488, 0.3738954961299896, 0.24385273456573486, 0.18875902891159058, 0.18102112412452698, 0.11010173708200455, 0.1280605047941208, 0.09297020733356476, 0.07322971522808075, 0.07903653383255005, 0.0613078698515892, 0.04143044352531433, 0.04302606359124184, 0.05534999072551727, 0.11584685742855072, 0.058132972568273544, 0.05931301787495613, 0.04256836324930191, 0.025573428720235825, 0.03940742462873459, 0.02247328869998455, 0.02604060247540474, 0.0229165181517601], ""accuracy"": [0.1538461595773697, 0.41025641560554504, 0.5544871687889099, 0.6346153616905212, 0.7147436141967773, 0.7916666865348816, 0.8205128312110901, 0.9070512652397156, 0.9198718070983887, 0.9615384340286255, 0.9743589758872986, 0.9679487347602844, 0.9903846383094788, 0.9839743375778198, 0.9839743375778198, 0.9935897588729858, 0.9807692170143127, 0.9967948794364929, 1.0, 0.9967948794364929, 0.9903846383094788, 0.9807692170143127, 0.9935897588729858, 0.9903846383094788, 0.9935897588729858, 0.9967948794364929, 0.9967948794364929, 1.0, 0.9967948794364929, 1.0], ""val_loss"": [2.4069669246673584, 2.2890639305114746, 2.157109260559082, 1.987673044204712, 1.9871447086334229, 1.7553647756576538, 1.9403921365737915, 1.7415975332260132, 1.7454965114593506, 1.741145372390747, 1.7437528371810913, 1.7753835916519165, 1.7588062286376953, 1.7652738094329834, 1.8004425764083862, 1.8574020862579346, 1.7423815727233887, 1.8040344715118408, 1.813317894935608, 1.7693865299224854, 1.771512508392334, 1.7370715141296387, 1.7539575099945068, 1.8655648231506348, 1.8915833234786987, 1.8744651079177856, 1.8594778776168823, 1.853651762008667, 1.9621435403823853, 1.9585782289505005], ""val_accuracy"": [0.24358974397182465, 0.3205128312110901, 0.3717948794364929, 0.39743590354919434, 0.38461539149284363, 0.44871795177459717, 0.41025641560554504, 0.4871794879436493, 0.4615384638309479, 0.4615384638309479, 0.4871794879436493, 0.44871795177459717, 0.4743589758872986, 0.4615384638309479, 0.44871795177459717, 0.43589743971824646, 0.4615384638309479, 0.43589743971824646, 0.44871795177459717, 0.4871794879436493, 0.5, 0.4871794879436493, 0.5, 0.4743589758872986, 0.4615384638309479, 0.4615384638309479, 0.4743589758872986, 0.4743589758872986, 0.4871794879436493, 0.4871794879436493]}"
coffee_beans,Encoder,0.6437669992446899,0.5357142686843872,,"{""loss"": [0.6870075464248657, 0.6600693464279175, 0.6845937371253967, 0.6754887700080872, 0.6896477937698364, 0.6203808188438416, 0.7462875843048096, 0.5742383003234863, 0.714859664440155, 0.60178142786026, 0.920001208782196, 0.5487004518508911, 0.6177709102630615, 0.4646989703178406, 0.399168998003006, 0.6965955495834351, 0.47836849093437195, 0.5084707736968994, 0.36308959126472473, 0.5180776715278625, 0.42205607891082764, 0.329893559217453, 0.34125643968582153, 0.3660748600959778, 0.16303807497024536, 0.40203848481178284, 0.16666723787784576, 0.1859906166791916, 0.262196809053421, 1.013119101524353], ""accuracy"": [0.4545454680919647, 0.6363636255264282, 0.6363636255264282, 0.6363636255264282, 0.5909090638160706, 0.6363636255264282, 0.6818181872367859, 0.7272727489471436, 0.5909090638160706, 0.6363636255264282, 0.6363636255264282, 0.7272727489471436, 0.6818181872367859, 0.6818181872367859, 0.9545454382896423, 0.6818181872367859, 0.7272727489471436, 0.7272727489471436, 0.7272727489471436, 0.6363636255264282, 0.7272727489471436, 0.7727272510528564, 0.8636363744735718, 0.8636363744735718, 0.9545454382896423, 0.7727272510528564, 0.9090909361839294, 0.9090909361839294, 0.9090909361839294, 0.6363636255264282], ""val_loss"": [1.2378801107406616, 0.7326541543006897, 1.3642991781234741, 0.528541624546051, 1.2449284791946411, 0.9376009106636047, 0.6239832639694214, 1.3094652891159058, 1.3141740560531616, 1.5526351928710938, 0.7398845553398132, 0.5421176552772522, 1.0189323425292969, 0.4427239000797272, 2.049441337585449, 0.4893311560153961, 1.1350483894348145, 1.1099730730056763, 0.1173497810959816, 0.15005506575107574, 0.9228870272636414, 0.9887905120849609, 0.7745671272277832, 0.7373417019844055, 0.033531807363033295, 0.49312224984169006, 0.8808689117431641, 0.5336108207702637, 2.490713357925415, 1.2564834356307983], ""val_accuracy"": [0.0, 0.0, 0.0, 1.0, 0.0, 0.0, 1.0, 0.0, 0.0, 0.0, 0.0, 1.0, 0.0, 1.0, 0.0, 1.0, 0.0, 0.0, 1.0, 1.0, 0.1666666716337204, 0.0, 0.3333333432674408, 0.5, 1.0, 0.8333333134651184, 0.3333333432674408, 0.8333333134651184, 0.0, 0.0]}"
gun_point_old_young,Encoder,0.16795067489147186,0.9396825432777405,,"{""loss"": [0.6529181599617004, 0.5824317336082458, 0.5082105994224548, 0.4946887195110321, 0.5388615131378174, 0.41752317547798157, 0.3888762295246124, 0.30426910519599915, 0.2874436676502228, 0.24995091557502747, 0.28302040696144104, 0.2918413579463959, 0.15283995866775513, 0.2755242586135864, 0.21453000605106354, 0.14266939461231232, 0.1354939192533493, 0.1797974854707718, 0.14029671251773834, 0.06956536322832108, 0.12777990102767944, 0.05067143961787224, 0.05544373393058777, 0.03412231430411339, 0.025292225182056427, 0.02492244355380535, 0.018323836848139763, 0.028764190152287483, 0.026558542624115944, 0.008450870402157307], ""accuracy"": [0.6481481194496155, 0.7407407164573669, 0.7592592835426331, 0.7407407164573669, 0.7962962985038757, 0.8333333134651184, 0.8148148059844971, 0.8703703880310059, 0.9074074029922485, 0.8981481194496155, 0.8796296119689941, 0.8518518805503845, 0.9537037014961243, 0.8611111044883728, 0.9074074029922485, 0.9444444179534912, 0.9629629850387573, 0.9537037014961243, 0.9629629850387573, 1.0, 0.9722222089767456, 1.0, 0.9814814925193787, 0.9907407164573669, 1.0, 0.9907407164573669, 1.0, 0.9907407164573669, 0.9907407164573669, 1.0], ""val_loss"": [0.8144287467002869, 1.3908475637435913, 1.0631003379821777, 0.7906401753425598, 0.6361019015312195, 0.3595718443393707, 0.6582043766975403, 0.6914857029914856, 0.4201750159263611, 0.2021474689245224, 0.5530735850334167, 0.31555572152137756, 0.6994507908821106, 0.3711235225200653, 0.5645087361335754, 0.3134617209434509, 0.3812978267669678, 0.5912615656852722, 0.3352491855621338, 0.11575671285390854, 0.5713710188865662, 0.775296151638031, 0.22593800723552704, 0.3914123475551605, 0.2609739899635315, 0.3771792948246002, 0.2456742376089096, 0.4146760106086731, 0.24803492426872253, 0.32975292205810547], ""val_accuracy"": [0.0714285746216774, 0.0, 0.3928571343421936, 0.4642857015132904, 0.6428571343421936, 0.8214285969734192, 0.6071428656578064, 0.6428571343421936, 0.8928571343421936, 0.9642857313156128, 0.6785714030265808, 0.8571428656578064, 0.6071428656578064, 0.8571428656578064, 0.6785714030265808, 0.8214285969734192, 0.7857142686843872, 0.75, 0.8214285969734192, 0.9285714030265808, 0.75, 0.6785714030265808, 0.8571428656578064, 0.8214285969734192, 0.8928571343421936, 0.8214285969734192, 0.8928571343421936, 0.8214285969734192, 0.8928571343421936, 0.8928571343421936]}"
middle_phalanx_correct,Encoder,0.4666181802749634,0.7800687551498413,,"{""loss"": [0.6558430194854736, 0.654407262802124, 0.653819739818573, 0.6461836099624634, 0.637946367263794, 0.6309694647789001, 0.6269251108169556, 0.6245442032814026, 0.6101529598236084, 0.5852602124214172, 0.5912442803382874, 0.5814192891120911, 0.5572260618209839, 0.5528802275657654, 0.5462059378623962, 0.5437155365943909, 0.5160450339317322, 0.5017213225364685, 0.48690369725227356, 0.48901331424713135, 0.49165990948677063, 0.5107099413871765, 0.47489362955093384, 0.46134960651397705, 0.4535677134990692, 0.45515358448028564, 0.46067336201667786, 0.4580478370189667, 0.46822232007980347, 0.45900046825408936], ""accuracy"": [0.6291666626930237, 0.6354166865348816, 0.6333333253860474, 0.6354166865348816, 0.6354166865348816, 0.637499988079071, 0.668749988079071, 0.668749988079071, 0.6854166388511658, 0.6833333373069763, 0.7083333134651184, 0.7270833253860474, 0.731249988079071, 0.737500011920929, 0.7395833134651184, 0.7520833611488342, 0.7479166388511658, 0.7749999761581421, 0.7645833492279053, 0.7604166865348816, 0.7666666507720947, 0.7708333134651184, 0.7875000238418579, 0.8145833611488342, 0.7833333611488342, 0.7916666865348816, 0.8041666746139526, 0.8062499761581421, 0.793749988079071, 0.800000011920929], ""val_loss"": [0.6079722046852112, 0.6195886731147766, 0.5906671285629272, 0.59421706199646, 0.585993230342865, 0.5645018219947815, 0.6143754124641418, 0.572231650352478, 0.5343791842460632, 0.5617323517799377, 0.5575758218765259, 0.49867913126945496, 0.48389357328414917, 0.4719364047050476, 0.4475802183151245, 0.44406986236572266, 0.4520922899246216, 0.45498937368392944, 0.5921141505241394, 0.4635254144668579, 0.467166006565094, 0.43384647369384766, 0.36955657601356506, 0.5362472534179688, 0.41815683245658875, 0.40383780002593994, 0.6971919536590576, 0.34261640906333923, 0.35502830147743225, 0.33854687213897705], ""val_accuracy"": [0.6916666626930237, 0.6916666626930237, 0.6916666626930237, 0.699999988079071, 0.7083333134651184, 0.7166666388511658, 0.800000011920929, 0.7333333492279053, 0.75, 0.7250000238418579, 0.7583333253860474, 0.7583333253860474, 0.8333333134651184, 0.8416666388511658, 0.7833333611488342, 0.800000011920929, 0.7833333611488342, 0.7749999761581421, 0.75, 0.824999988079071, 0.7749999761581421, 0.7749999761581421, 0.8500000238418579, 0.7583333253860474, 0.7916666865348816, 0.875, 0.44999998807907104, 0.8583333492279053, 0.8666666746139526, 0.8416666388511658]}"
bme,Encoder,0.5449113845825195,0.7799999713897705,,"{""loss"": [1.0735875368118286, 1.0077682733535767, 0.9365813732147217, 0.8436627388000488, 0.7586889266967773, 0.6520734429359436, 0.5594239234924316, 0.4816085398197174, 0.35454389452934265, 0.3467041254043579, 0.2440635710954666, 0.18174636363983154, 0.11416714638471603, 0.15389950573444366, 0.08463270217180252, 0.0759308710694313, 0.07407458126544952, 0.06222519278526306, 0.08559253066778183, 0.06635266542434692, 0.061348188668489456, 0.08672686666250229, 0.035709213465452194, 0.030105384066700935, 0.030020972713828087, 0.029340840876102448, 0.02728991210460663, 0.02548804320394993, 0.04531867802143097, 0.02732737921178341], ""accuracy"": [0.4166666567325592, 0.75, 0.75, 0.7916666865348816, 0.7916666865348816, 0.8333333134651184, 0.8333333134651184, 0.9166666865348816, 0.9583333134651184, 0.9583333134651184, 1.0, 1.0, 1.0, 1.0, 1.0, 1.0, 1.0, 1.0, 1.0, 1.0, 1.0, 0.9583333134651184, 1.0, 1.0, 1.0, 1.0, 1.0, 1.0, 1.0, 1.0], ""val_loss"": [1.1203151941299438, 1.1469026803970337, 1.1340183019638062, 1.1656615734100342, 1.2072652578353882, 1.2282823324203491, 1.2233091592788696, 1.2062119245529175, 1.222836971282959, 1.150232195854187, 1.1016743183135986, 1.0781439542770386, 1.104772925376892, 1.0666675567626953, 1.0722596645355225, 1.0805166959762573, 1.056176781654358, 1.0624732971191406, 1.0890657901763916, 1.052077293395996, 1.0849249362945557, 1.058508276939392, 1.0589693784713745, 1.0623018741607666, 1.0714349746704102, 1.0714212656021118, 1.0584548711776733, 1.0415599346160889, 1.0636839866638184, 1.0778257846832275], ""val_accuracy"": [0.1666666716337204, 0.1666666716337204, 0.1666666716337204, 0.1666666716337204, 0.1666666716337204, 0.1666666716337204, 0.1666666716337204, 0.1666666716337204, 0.1666666716337204, 0.5, 0.6666666865348816, 0.6666666865348816, 0.6666666865348816, 0.6666666865348816, 0.6666666865348816, 0.6666666865348816, 0.6666666865348816, 0.6666666865348816, 0.6666666865348816, 0.6666666865348816, 0.6666666865348816, 0.6666666865348816, 0.6666666865348816, 0.6666666865348816, 0.6666666865348816, 0.6666666865348816, 0.6666666865348816, 0.6666666865348816, 0.6666666865348816, 0.6666666865348816]}"
plane,Encoder,0.06379112601280212,0.9809523820877075,,"{""loss"": [1.8633315563201904, 1.5049970149993896, 1.082090139389038, 0.6833138465881348, 0.46814876794815063, 0.2715669572353363, 0.2568953037261963, 0.1548839658498764, 0.11968787759542465, 0.1008688360452652, 0.12349678575992584, 0.13151085376739502, 0.05610496178269386, 0.08749998360872269, 0.07090432196855545, 0.048864834010601044, 0.038517922163009644, 0.03914641588926315, 0.02458897978067398, 0.019151004031300545, 0.029956595972180367, 0.04677080363035202, 0.012279851362109184, 0.0203988216817379, 0.016133811324834824, 0.014623165130615234, 0.01915648952126503, 0.011482362635433674, 0.01822788454592228, 0.016280217096209526], ""accuracy"": [0.380952388048172, 0.5476190447807312, 0.6428571343421936, 0.8095238208770752, 0.9047619104385376, 0.9404761791229248, 0.9285714030265808, 0.9404761791229248, 0.988095223903656, 0.988095223903656, 0.9642857313156128, 0.976190447807312, 1.0, 0.9642857313156128, 0.976190447807312, 0.988095223903656, 0.988095223903656, 0.988095223903656, 1.0, 1.0, 1.0, 0.988095223903656, 1.0, 1.0, 1.0, 1.0, 1.0, 1.0, 1.0, 1.0], ""val_loss"": [1.7198187112808228, 1.2991862297058105, 0.925804615020752, 0.6633984446525574, 0.4509338140487671, 0.45630332827568054, 0.3264754116535187, 0.2755012512207031, 0.2593061923980713, 0.24594199657440186, 0.2220151573419571, 0.2248113453388214, 0.18490596115589142, 0.18607577681541443, 0.17640678584575653, 0.1627616137266159, 0.19083712995052338, 0.1752484142780304, 0.16574279963970184, 0.1793147325515747, 0.16552868485450745, 0.1771744042634964, 0.16965660452842712, 0.16963057219982147, 0.15644848346710205, 0.15722277760505676, 0.15707960724830627, 0.15234515070915222, 0.16866332292556763, 0.1597900092601776], ""val_accuracy"": [0.6190476417541504, 0.8095238208770752, 0.761904776096344, 0.8571428656578064, 0.9047619104385376, 0.8095238208770752, 0.9047619104385376, 0.9523809552192688, 0.9523809552192688, 0.9523809552192688, 0.9523809552192688, 0.9523809552192688, 0.9523809552192688, 0.9523809552192688, 0.9523809552192688, 0.9523809552192688, 0.9523809552192688, 0.9523809552192688, 0.9523809552192688, 0.9523809552192688, 0.9523809552192688, 0.9523809552192688, 0.9523809552192688, 0.9523809552192688, 0.9523809552192688, 0.9523809552192688, 0.9523809552192688, 0.9523809552192688, 0.9523809552192688, 0.9523809552192688]}"
power_cons,Encoder,0.22894838452339172,0.8833333253860474,,"{""loss"": [0.6648064851760864, 0.5740248560905457, 0.4446457624435425, 0.3518405556678772, 0.29255759716033936, 0.24150681495666504, 0.2175767719745636, 0.1721474826335907, 0.16269314289093018, 0.13958977162837982, 0.11636324971914291, 0.1037992537021637, 0.11236749589443207, 0.08224264532327652, 0.07439374178647995, 0.08762887865304947, 0.05998097360134125, 0.04846002906560898, 0.040686409920454025, 0.04568822681903839, 0.04000929743051529, 0.026903290301561356, 0.036123741418123245, 0.026803351938724518, 0.02066463977098465, 0.024067917838692665, 0.022350452840328217, 0.016934983432292938, 0.019467363134026527, 0.015353765338659286], ""accuracy"": [0.7013888955116272, 0.8611111044883728, 0.8888888955116272, 0.9097222089767456, 0.9236111044883728, 0.9236111044883728, 0.9305555820465088, 0.9722222089767456, 0.9583333134651184, 0.9652777910232544, 0.9791666865348816, 0.9861111044883728, 0.9652777910232544, 0.9861111044883728, 0.9791666865348816, 0.9930555820465088, 0.9930555820465088, 1.0, 0.9930555820465088, 1.0, 0.9930555820465088, 1.0, 1.0, 1.0, 1.0, 1.0, 1.0, 1.0, 1.0, 1.0], ""val_loss"": [0.6560459136962891, 0.5880393385887146, 0.46363770961761475, 0.3841332197189331, 0.37032705545425415, 0.31521308422088623, 0.30798065662384033, 0.40428590774536133, 0.27470314502716064, 0.29336732625961304, 0.27924245595932007, 0.24755160510540009, 0.24847687780857086, 0.27578234672546387, 0.14766284823417664, 0.23751939833164215, 0.21094626188278198, 0.21729636192321777, 0.3400775194168091, 0.1982775777578354, 0.21916739642620087, 0.265680730342865, 0.30375686287879944, 0.28999364376068115, 0.2722325026988983, 0.23701511323451996, 0.22816866636276245, 0.24761788547039032, 0.21291904151439667, 0.2109195590019226], ""val_accuracy"": [0.7222222089767456, 0.7222222089767456, 0.8055555820465088, 0.8611111044883728, 0.8333333134651184, 0.8611111044883728, 0.8611111044883728, 0.8055555820465088, 0.8888888955116272, 0.8888888955116272, 0.8888888955116272, 0.8888888955116272, 0.8888888955116272, 0.8888888955116272, 0.9444444179534912, 0.8888888955116272, 0.8888888955116272, 0.8888888955116272, 0.8888888955116272, 0.8888888955116272, 0.8888888955116272, 0.8888888955116272, 0.8888888955116272, 0.8888888955116272, 0.8888888955116272, 0.8888888955116272, 0.8888888955116272, 0.8888888955116272, 0.8888888955116272, 0.8888888955116272]}"
face_ucr,Encoder,0.7426340579986572,0.8014634251594543,,"{""loss"": [2.5996651649475098, 2.380094051361084, 2.0281014442443848, 1.652305006980896, 1.3713953495025635, 1.1922485828399658, 0.9881966710090637, 0.8357623815536499, 0.6852511763572693, 0.5471020936965942, 0.4376797676086426, 0.37131720781326294, 0.32557985186576843, 0.28912580013275146, 0.2582678496837616, 0.20264223217964172, 0.1825416386127472, 0.1490727961063385, 0.12102729082107544, 0.08725912868976593, 0.12438945472240448, 0.14229056239128113, 0.19139178097248077, 0.09915505349636078, 0.10287274420261383, 0.09638365358114243, 0.08674610406160355, 0.05505508929491043, 0.07800448685884476, 0.05629722401499748], ""accuracy"": [0.1875, 0.3375000059604645, 0.42500001192092896, 0.5375000238418579, 0.6625000238418579, 0.7124999761581421, 0.768750011920929, 0.824999988079071, 0.8374999761581421, 0.8999999761581421, 0.9125000238418579, 0.949999988079071, 0.9375, 0.9437500238418579, 0.96875, 0.9750000238418579, 0.9750000238418579, 0.981249988079071, 0.987500011920929, 0.987500011920929, 0.96875, 0.9624999761581421, 0.96875, 0.981249988079071, 0.981249988079071, 0.9937499761581421, 0.987500011920929, 1.0, 0.9937499761581421, 1.0], ""val_loss"": [2.5014400482177734, 2.1559276580810547, 1.8381248712539673, 1.5855573415756226, 1.4225540161132812, 1.259812593460083, 1.1216922998428345, 1.0366764068603516, 0.9726990461349487, 0.9013544321060181, 0.8277416229248047, 0.7898367643356323, 0.7420374155044556, 0.7187851667404175, 0.6815354228019714, 0.6514356136322021, 0.6407029628753662, 0.6078886985778809, 0.6045502424240112, 0.5965391397476196, 0.6095768809318542, 0.5968848466873169, 0.6110971570014954, 0.5684994459152222, 0.5632213354110718, 0.5575058460235596, 0.5296235680580139, 0.5270190238952637, 0.5212274789810181, 0.5247923135757446], ""val_accuracy"": [0.4000000059604645, 0.42500001192092896, 0.574999988079071, 0.574999988079071, 0.6499999761581421, 0.675000011920929, 0.699999988079071, 0.7250000238418579, 0.7749999761581421, 0.800000011920929, 0.7749999761581421, 0.800000011920929, 0.824999988079071, 0.800000011920929, 0.8500000238418579, 0.8500000238418579, 0.8500000238418579, 0.8500000238418579, 0.8500000238418579, 0.8500000238418579, 0.800000011920929, 0.8500000238418579, 0.800000011920929, 0.8500000238418579, 0.8500000238418579, 0.8500000238418579, 0.8500000238418579, 0.8500000238418579, 0.8500000238418579, 0.8500000238418579]}"
medical_images,Encoder,0.7797629237174988,0.7118421196937561,,"{""loss"": [1.8747634887695312, 1.473494291305542, 1.3512113094329834, 1.2355953454971313, 1.146122694015503, 1.1052440404891968, 1.0215502977371216, 0.9571490287780762, 0.8664769530296326, 0.8618846535682678, 0.801497757434845, 0.7617961168289185, 0.7239623069763184, 0.698945164680481, 0.6658576130867004, 0.6584571599960327, 0.6136336326599121, 0.612246572971344, 0.5590306520462036, 0.532598078250885, 0.515245795249939, 0.5478524565696716, 0.4722326099872589, 0.46306318044662476, 0.4674181044101715, 0.4858567714691162, 0.4086470603942871, 0.43102124333381653, 0.38087522983551025, 0.40557172894477844], ""accuracy"": [0.48355263471603394, 0.5230262875556946, 0.5394737124443054, 0.5953947305679321, 0.5855262875556946, 0.5986841917037964, 0.5953947305679321, 0.6414473652839661, 0.6546052694320679, 0.6875, 0.7335526347160339, 0.7203947305679321, 0.7203947305679321, 0.7269737124443054, 0.7763158082962036, 0.7730262875556946, 0.7828947305679321, 0.7697368264198303, 0.8026315569877625, 0.8223684430122375, 0.7927631735801697, 0.8125, 0.8453947305679321, 0.8322368264198303, 0.8256579041481018, 0.8223684430122375, 0.8519737124443054, 0.8388158082962036, 0.8717105388641357, 0.8453947305679321], ""val_loss"": [1.5598398447036743, 1.3974188566207886, 1.2718110084533691, 1.2266948223114014, 1.2202224731445312, 1.16911780834198, 1.1256049871444702, 1.0793509483337402, 1.1962300539016724, 1.036590337753296, 1.086824655532837, 0.9511213302612305, 0.9782112240791321, 1.0260732173919678, 0.8834432363510132, 0.8224521279335022, 0.7852811217308044, 0.8241886496543884, 0.7970434427261353, 0.7411778569221497, 0.7166931629180908, 0.7323569059371948, 0.7009965181350708, 0.8922542333602905, 0.8181307315826416, 0.7034232020378113, 0.7622063755989075, 0.6756075024604797, 0.6961232423782349, 0.6954006552696228], ""val_accuracy"": [0.5714285969734192, 0.5714285969734192, 0.5844155550003052, 0.6103895902633667, 0.649350643157959, 0.6623376607894897, 0.649350643157959, 0.5844155550003052, 0.4675324559211731, 0.649350643157959, 0.5844155550003052, 0.5844155550003052, 0.6233766078948975, 0.5844155550003052, 0.7402597665786743, 0.701298713684082, 0.7142857313156128, 0.6883116960525513, 0.6623376607894897, 0.7402597665786743, 0.701298713684082, 0.7142857313156128, 0.7532467246055603, 0.6233766078948975, 0.7402597665786743, 0.7402597665786743, 0.7532467246055603, 0.7532467246055603, 0.7532467246055603, 0.7272727489471436]}"
chlorine_concentration,Encoder,0.9668132066726685,0.5546875,,"{""loss"": [1.026666522026062, 0.9903631806373596, 0.9951714277267456, 0.9856595993041992, 0.9878408312797546, 0.9725615978240967, 0.9714468121528625, 0.9773904085159302, 0.9676970839500427, 0.9623803496360779, 0.9674344062805176, 0.9565858244895935, 0.9643040895462036, 0.95513916015625, 0.9473714828491211, 0.9413078427314758, 0.9493257403373718, 0.9432604312896729, 0.9390671849250793, 0.9398430585861206, 0.9315394759178162, 0.9410061836242676, 0.944362461566925, 0.9209298491477966, 0.9166542887687683, 0.9298144578933716, 0.9349080324172974, 0.9170774221420288, 0.9164130091667175, 0.9286291003227234], ""accuracy"": [0.5522788166999817, 0.5522788166999817, 0.5522788166999817, 0.5495978593826294, 0.5630027055740356, 0.5630027055740356, 0.5656836628913879, 0.5630027055740356, 0.554959774017334, 0.5603216886520386, 0.5630027055740356, 0.5683646202087402, 0.5764074921607971, 0.5764074921607971, 0.5603216886520386, 0.554959774017334, 0.5630027055740356, 0.5710455775260925, 0.5737265348434448, 0.5630027055740356, 0.5656836628913879, 0.5710455775260925, 0.5683646202087402, 0.5764074921607971, 0.6058981418609619, 0.5844504237174988, 0.5710455775260925, 0.5898123383522034, 0.5683646202087402, 0.5764074921607971], ""val_loss"": [0.9427701234817505, 0.9853401184082031, 0.9549809694290161, 0.9516440033912659, 0.9666067361831665, 0.9709445238113403, 0.971544623374939, 0.9516617059707642, 0.9431264996528625, 0.94228595495224, 0.9369927048683167, 1.0054185390472412, 0.951610803604126, 0.9435902833938599, 0.9448071122169495, 0.9810419082641602, 0.9594349265098572, 0.9385258555412292, 0.950452446937561, 0.9473865032196045, 0.9401795268058777, 1.0572084188461304, 0.9386398792266846, 0.9332506060600281, 0.9570685029029846, 0.979042649269104, 0.94999760389328, 0.9552756547927856, 0.9256528615951538, 0.9489680528640747], ""val_accuracy"": [0.5957446694374084, 0.5957446694374084, 0.6170212626457214, 0.6063829660415649, 0.5957446694374084, 0.5957446694374084, 0.5957446694374084, 0.5319148898124695, 0.585106372833252, 0.6170212626457214, 0.6063829660415649, 0.5, 0.6170212626457214, 0.6170212626457214, 0.6170212626457214, 0.6170212626457214, 0.6170212626457214, 0.5744680762290955, 0.563829779624939, 0.5531914830207825, 0.6170212626457214, 0.478723406791687, 0.6063829660415649, 0.6276595592498779, 0.6170212626457214, 0.6276595592498779, 0.585106372833252, 0.6063829660415649, 0.6170212626457214, 0.563829779624939]}"
dodger_loop_day,Encoder,nan,0.15000000596046448,,"{""loss"": [NaN, NaN, NaN, NaN, NaN, NaN, NaN, NaN, NaN, NaN, NaN, NaN, NaN, NaN, NaN, NaN, NaN, NaN, NaN, NaN, NaN, NaN, NaN, NaN, NaN, NaN, NaN, NaN, NaN, NaN], ""accuracy"": [0.16129031777381897, 0.19354838132858276, 0.19354838132858276, 0.19354838132858276, 0.19354838132858276, 0.19354838132858276, 0.19354838132858276, 0.19354838132858276, 0.19354838132858276, 0.19354838132858276, 0.19354838132858276, 0.19354838132858276, 0.19354838132858276, 0.19354838132858276, 0.19354838132858276, 0.19354838132858276, 0.19354838132858276, 0.19354838132858276, 0.19354838132858276, 0.19354838132858276, 0.19354838132858276, 0.19354838132858276, 0.19354838132858276, 0.19354838132858276, 0.19354838132858276, 0.19354838132858276, 0.19354838132858276, 0.19354838132858276, 0.19354838132858276, 0.19354838132858276], ""val_loss"": [NaN, NaN, NaN, NaN, NaN, NaN, NaN, NaN, NaN, NaN, NaN, NaN, NaN, NaN, NaN, NaN, NaN, NaN, NaN, NaN, NaN, NaN, NaN, NaN, NaN, NaN, NaN, NaN, NaN, NaN], ""val_accuracy"": [0.0, 0.0, 0.0, 0.0, 0.0, 0.0, 0.0, 0.0, 0.0, 0.0, 0.0, 0.0, 0.0, 0.0, 0.0, 0.0, 0.0, 0.0, 0.0, 0.0, 0.0, 0.0, 0.0, 0.0, 0.0, 0.0, 0.0, 0.0, 0.0, 0.0]}"
arrow_head,Encoder,0.7894982099533081,0.6057142615318298,,"{""loss"": [1.0963317155838013, 1.0683435201644897, 1.02627694606781, 0.9620673060417175, 0.8846462965011597, 0.827100396156311, 0.8283931016921997, 0.7755257487297058, 0.7175659537315369, 0.5660843253135681, 0.6708230972290039, 0.5081913471221924, 0.6202696561813354, 0.5033023953437805, 0.4715935289859772, 0.6967738270759583, 0.5922746658325195, 0.5900611877441406, 0.5098298788070679, 0.5541403293609619, 0.5804035067558289, 0.4889988303184509, 0.4466280937194824, 0.3673836886882782, 0.36832326650619507, 0.33699753880500793, 0.3536766469478607, 0.44440099596977234, 0.31419023871421814, 0.44447579979896545], ""accuracy"": [0.3928571343421936, 0.5, 0.6071428656578064, 0.6785714030265808, 0.5357142686843872, 0.6785714030265808, 0.75, 0.6428571343421936, 0.8214285969734192, 0.8571428656578064, 0.6785714030265808, 0.8571428656578064, 0.6785714030265808, 0.8214285969734192, 0.8214285969734192, 0.6428571343421936, 0.7857142686843872, 0.8214285969734192, 0.8928571343421936, 0.7857142686843872, 0.7857142686843872, 0.8571428656578064, 0.8214285969734192, 0.8928571343421936, 0.8214285969734192, 0.8214285969734192, 0.8214285969734192, 0.8214285969734192, 0.9285714030265808, 0.7857142686843872], ""val_loss"": [1.068125605583191, 1.047342300415039, 1.0127809047698975, 0.9734352827072144, 0.879905104637146, 0.8956588506698608, 0.8338756561279297, 0.7722992897033691, 0.7223222851753235, 0.6839082837104797, 0.6958292722702026, 0.630258321762085, 0.620317280292511, 0.6780227422714233, 0.5766397714614868, 0.7861342430114746, 0.7378091812133789, 0.6305930018424988, 0.6367512941360474, 0.6003121137619019, 0.6813810467720032, 0.6396769881248474, 0.573212742805481, 0.5152270793914795, 0.48237183690071106, 0.5067384243011475, 0.6207900047302246, 0.5229271650314331, 0.5041002631187439, 0.584479033946991], ""val_accuracy"": [0.625, 0.625, 0.625, 0.25, 0.625, 0.5, 0.75, 0.75, 0.75, 0.625, 0.75, 0.75, 0.875, 0.625, 0.75, 0.625, 0.5, 0.875, 1.0, 0.75, 0.625, 0.875, 0.625, 0.875, 0.75, 0.875, 0.75, 0.75, 0.75, 0.625]}"
