dataset_name,model_name,test_loss,test_acc,confusion_matrix,history
abnormal_heartbeat,MLP,5.019679546356201,0.6926829218864441,"[[138, 12], [51, 4]]","{""loss"": [0.5181171298027039, 0.49331560730934143, 0.09664421528577805, 0.012317758053541183, 0.0018877364927902818, 0.0006601220811717212, 0.00047948749852366745, 0.000368941284250468, 0.00024063307500910014, 0.00017973031208384782, 0.00014035802450962365, 9.059090371010825e-05, 7.078519411152229e-05, 7.447741518262774e-05, 7.292998634511605e-05, 4.037432881887071e-05, 7.46842342778109e-05, 4.9101516196969897e-05, 8.296018495457247e-05, 4.475509558687918e-05], ""accuracy"": [0.8711656332015991, 0.9141104221343994, 0.9693251252174377, 1.0, 1.0, 1.0, 1.0, 1.0, 1.0, 1.0, 1.0, 1.0, 1.0, 1.0, 1.0, 1.0, 1.0, 1.0, 1.0, 1.0], ""val_loss"": [5.883247375488281, 2.409914970397949, 6.03938102722168, 8.093442916870117, 8.894533157348633, 9.290023803710938, 9.57446002960205, 9.897866249084473, 10.196325302124023, 10.622127532958984, 11.186046600341797, 11.588494300842285, 11.896082878112793, 12.23011302947998, 12.518301963806152, 12.69565486907959, 12.85179615020752, 13.041379928588867, 13.228944778442383, 13.424281120300293], ""val_accuracy"": [0.0, 0.0, 0.024390242993831635, 0.04878048598766327, 0.09756097197532654, 0.09756097197532654, 0.09756097197532654, 0.09756097197532654, 0.09756097197532654, 0.09756097197532654, 0.0731707289814949, 0.0731707289814949, 0.0731707289814949, 0.0731707289814949, 0.0731707289814949, 0.0731707289814949, 0.0731707289814949, 0.0731707289814949, 0.0731707289814949, 0.0731707289814949]}"
arrow_head,MLP,0.7472522258758545,0.6399999856948853,"[[52, 5, 12], [14, 24, 15], [2, 15, 36]]","{""loss"": [1.4442251920700073, 1.1381573677062988, 0.7084159255027771, 0.7391449809074402, 0.6681352257728577, 0.8531192541122437, 0.5733610987663269, 0.5118010640144348, 0.5688831210136414, 0.5296789407730103, 0.520555317401886, 0.7438015937805176, 0.351449191570282, 0.6374418139457703, 0.43079468607902527, 0.48749274015426636, 0.556819498538971, 0.452303946018219, 0.5147592425346375, 0.389672189950943], ""accuracy"": [0.3571428656578064, 0.3928571343421936, 0.6785714030265808, 0.6785714030265808, 0.7142857313156128, 0.6428571343421936, 0.75, 0.7142857313156128, 0.75, 0.75, 0.75, 0.7142857313156128, 0.8571428656578064, 0.7142857313156128, 0.8214285969734192, 0.8571428656578064, 0.75, 0.8571428656578064, 0.7857142686843872, 0.75], ""val_loss"": [0.9915981888771057, 0.8455520272254944, 0.9358584880828857, 0.8425006866455078, 0.7492519617080688, 0.7107510566711426, 0.7015389800071716, 0.748056173324585, 0.6364973783493042, 0.693324863910675, 0.7215373516082764, 0.643040120601654, 0.636355996131897, 0.617389440536499, 0.764642596244812, 0.7776064872741699, 0.5942307114601135, 0.6497664451599121, 0.5831049680709839, 0.5864899754524231], ""val_accuracy"": [0.5, 0.5, 0.5, 0.625, 0.625, 0.625, 0.625, 0.625, 0.75, 0.5, 0.625, 0.75, 0.625, 0.625, 0.625, 0.625, 0.75, 0.625, 0.625, 0.875]}"
bme,MLP,1.6143697500228882,0.7333333492279053,"[[38, 12, 0], [0, 50, 0], [6, 22, 22]]","{""loss"": [1.134566068649292, 0.7634848952293396, 0.7562482953071594, 0.5858374834060669, 0.52748042345047, 0.4815291464328766, 0.34613940119743347, 0.17246179282665253, 0.13956530392169952, 0.0901348814368248, 0.06080804392695427, 0.03413638472557068, 0.038902636617422104, 0.019305817782878876, 0.033347129821777344, 0.008038084022700787, 0.02239096164703369, 0.002265186281874776, 0.011103969998657703, 0.0024483511224389076], ""accuracy"": [0.3333333432674408, 0.75, 0.6666666865348816, 0.7083333134651184, 0.7916666865348816, 0.9166666865348816, 0.875, 1.0, 1.0, 1.0, 1.0, 1.0, 1.0, 1.0, 1.0, 1.0, 1.0, 1.0, 1.0, 1.0], ""val_loss"": [1.729835867881775, 1.9123483896255493, 1.822083592414856, 1.899584174156189, 1.1915076971054077, 0.8250302672386169, 0.8698027729988098, 1.0796880722045898, 1.479447841644287, 1.8116482496261597, 1.8836631774902344, 1.49164617061615, 1.2091526985168457, 1.3051111698150635, 1.4922925233840942, 1.8787716627120972, 2.0161373615264893, 2.139746904373169, 2.3288543224334717, 2.6692988872528076], ""val_accuracy"": [0.0, 0.5, 0.1666666716337204, 0.1666666716337204, 0.6666666865348816, 0.6666666865348816, 0.6666666865348816, 0.6666666865348816, 0.6666666865348816, 0.5, 0.5, 0.5, 0.5, 0.5, 0.5, 0.5, 0.5, 0.5, 0.5, 0.5]}"
car,MLP,1.016349196434021,0.7833333611488342,"[[13, 0, 0, 1], [0, 14, 0, 0], [4, 0, 11, 4], [1, 0, 3, 9]]","{""loss"": [1.87214195728302, 1.7531331777572632, 1.447318196296692, 1.2084425687789917, 1.1975173950195312, 1.1261600255966187, 1.02601158618927, 1.0408459901809692, 0.8556113839149475, 0.9140773415565491, 0.8454775810241699, 0.8286523818969727, 0.7316048741340637, 0.7359742522239685, 0.6487618088722229, 0.7374939918518066, 0.6479847431182861, 0.5489969253540039, 0.6188295483589172, 0.5761634707450867], ""accuracy"": [0.25, 0.375, 0.3541666567325592, 0.4375, 0.4166666567325592, 0.5, 0.5208333134651184, 0.625, 0.6458333134651184, 0.625, 0.5833333134651184, 0.6041666865348816, 0.7083333134651184, 0.6875, 0.7708333134651184, 0.6875, 0.75, 0.8541666865348816, 0.75, 0.8125], ""val_loss"": [0.9556562900543213, 1.0828263759613037, 0.9088718891143799, 0.7378638386726379, 0.7898380160331726, 0.6205665469169617, 0.6310427188873291, 0.5900442600250244, 0.4238254129886627, 0.45989522337913513, 0.4172123372554779, 0.3938266932964325, 0.5360192656517029, 0.45603737235069275, 0.39472267031669617, 0.36215031147003174, 0.3329348862171173, 0.39289307594299316, 0.39487096667289734, 0.28773829340934753], ""val_accuracy"": [0.5833333134651184, 0.4166666567325592, 0.5833333134651184, 0.6666666865348816, 0.6666666865348816, 0.75, 0.75, 0.8333333134651184, 0.9166666865348816, 0.8333333134651184, 0.75, 0.8333333134651184, 0.75, 0.75, 0.9166666865348816, 0.8333333134651184, 0.9166666865348816, 0.75, 0.8333333134651184, 0.9166666865348816]}"
cbf,MLP,0.32814428210258484,0.8933333158493042,"[[280, 1, 19], [6, 292, 0], [70, 0, 232]]","{""loss"": [1.1652940511703491, 0.6422478556632996, 0.37839698791503906, 0.2492281198501587, 0.17883610725402832, 0.061141420155763626, 0.07185452431440353, 0.03307781741023064, 0.01117608044296503, 0.010341791436076164, 0.020104242488741875, 0.0017114562215283513, 0.004351024050265551, 0.006903709378093481, 0.005453116726130247, 0.002050151815637946, 0.0011437095236033201, 0.003464938374236226, 0.001265265396796167, 0.0009832811774685979], ""accuracy"": [0.375, 0.7916666865348816, 0.9166666865348816, 0.9583333134651184, 0.9583333134651184, 1.0, 0.9583333134651184, 1.0, 1.0, 1.0, 1.0, 1.0, 1.0, 1.0, 1.0, 1.0, 1.0, 1.0, 1.0, 1.0], ""val_loss"": [1.7316231727600098, 1.2544772624969482, 0.9568784236907959, 0.936277449131012, 0.996608316898346, 1.3152474164962769, 1.571431040763855, 0.999330461025238, 0.6742580533027649, 0.5968220829963684, 1.1018049716949463, 2.0073864459991455, 2.658146619796753, 2.6439716815948486, 1.8187451362609863, 1.1920124292373657, 0.8351235389709473, 0.6157338619232178, 0.505018413066864, 0.46127450466156006], ""val_accuracy"": [0.1666666716337204, 0.1666666716337204, 0.3333333432674408, 0.3333333432674408, 0.5, 0.1666666716337204, 0.1666666716337204, 0.6666666865348816, 0.6666666865348816, 0.6666666865348816, 0.5, 0.3333333432674408, 0.3333333432674408, 0.3333333432674408, 0.3333333432674408, 0.6666666865348816, 0.6666666865348816, 0.8333333134651184, 0.8333333134651184, 0.8333333134651184]}"
chlorine_concentration,MLP,0.99631267786026,0.5596354007720947,"[[108, 0, 778], [0, 0, 909], [4, 0, 2041]]","{""loss"": [1.1312329769134521, 1.0783474445343018, 1.0213840007781982, 1.0120729207992554, 1.005655288696289, 1.0021898746490479, 0.9822835326194763, 0.9751391410827637, 0.9905431270599365, 0.972499668598175, 0.9757512211799622, 0.9571759104728699, 0.9704870581626892, 0.9740952253341675, 0.9704050421714783, 0.9787977933883667, 0.9553971886634827, 0.965432345867157, 0.9557044506072998, 0.946823239326477], ""accuracy"": [0.4584450423717499, 0.5013405084609985, 0.5469169020652771, 0.5361930131912231, 0.554959774017334, 0.554959774017334, 0.5656836628913879, 0.5683646202087402, 0.5630027055740356, 0.5630027055740356, 0.5737265348434448, 0.5603216886520386, 0.5576407313346863, 0.5764074921607971, 0.5656836628913879, 0.5737265348434448, 0.5656836628913879, 0.554959774017334, 0.5603216886520386, 0.5790884494781494], ""val_loss"": [1.0043089389801025, 0.9894999861717224, 0.9462605714797974, 0.9665881991386414, 0.9527530074119568, 0.9332020282745361, 0.9688449501991272, 0.9571834206581116, 0.9612998962402344, 0.9284588694572449, 0.926356315612793, 0.9446628093719482, 0.9601762890815735, 0.9310879707336426, 0.9402785897254944, 0.9633845090866089, 0.9367896318435669, 0.9561840891838074, 0.9506210684776306, 0.9675543904304504], ""val_accuracy"": [0.5957446694374084, 0.5957446694374084, 0.6170212626457214, 0.5957446694374084, 0.6063829660415649, 0.6170212626457214, 0.6170212626457214, 0.6170212626457214, 0.6170212626457214, 0.6170212626457214, 0.6170212626457214, 0.6170212626457214, 0.6170212626457214, 0.6170212626457214, 0.6170212626457214, 0.6170212626457214, 0.6170212626457214, 0.5744680762290955, 0.585106372833252, 0.6276595592498779]}"
coffee_beans,MLP,0.5114137530326843,0.75,"[[8, 7], [0, 13]]","{""loss"": [0.6526302695274353, 1.0970858335494995, 0.9037541747093201, 0.828233003616333, 0.7368968725204468, 0.6795392632484436, 0.5946150422096252, 0.6116622686386108, 0.6709369421005249, 0.6056637167930603, 0.8819482922554016, 0.6038385033607483, 1.192928433418274, 0.5590188503265381, 0.5753427743911743, 0.7912217974662781, 0.9293992519378662, 0.7151596546173096, 0.6282583475112915, 0.6831567287445068], ""accuracy"": [0.4545454680919647, 0.6818181872367859, 0.40909090638160706, 0.6363636255264282, 0.5454545617103577, 0.5909090638160706, 0.7272727489471436, 0.6363636255264282, 0.5454545617103577, 0.6818181872367859, 0.6363636255264282, 0.5909090638160706, 0.5, 0.8181818127632141, 0.6818181872367859, 0.4545454680919647, 0.5, 0.5909090638160706, 0.5909090638160706, 0.5909090638160706], ""val_loss"": [3.478597402572632, 0.2816506326198578, 1.3195539712905884, 1.3481758832931519, 0.5304494500160217, 0.46602630615234375, 0.6829792857170105, 0.4294686019420624, 0.3877542018890381, 2.3314270973205566, 1.090686559677124, 0.07376589626073837, 0.2560880780220032, 2.074788808822632, 0.6013035774230957, 0.1241537407040596, 0.766333281993866, 1.5362690687179565, 0.39909377694129944, 0.2785409390926361], ""val_accuracy"": [0.0, 1.0, 0.0, 0.0, 1.0, 1.0, 0.5, 1.0, 1.0, 0.0, 0.0, 1.0, 1.0, 0.0, 0.8333333134651184, 1.0, 0.3333333432674408, 0.0, 1.0, 1.0]}"
colposcopy,MLP,1.9468088150024414,0.3663366436958313,"[[1, 0, 0, 4, 2, 1], [0, 0, 0, 2, 7, 3], [0, 1, 0, 1, 6, 2], [0, 0, 1, 10, 6, 7], [0, 0, 2, 4, 6, 7], [0, 0, 0, 2, 6, 20]]","{""loss"": [10.427592277526855, 9.63615894317627, 7.22890043258667, 5.991936206817627, 3.688870906829834, 2.9477736949920654, 2.7820284366607666, 2.7412378787994385, 2.4938652515411377, 2.1517486572265625, 2.7774345874786377, 2.0214364528656006, 1.6402842998504639, 1.645493745803833, 1.7023378610610962, 1.7164499759674072, 1.993154764175415, 1.554785132408142, 1.4804542064666748, 1.68975830078125], ""accuracy"": [0.2405063360929489, 0.20253165066242218, 0.15189872682094574, 0.26582279801368713, 0.27848100662231445, 0.2278480976819992, 0.3417721390724182, 0.29113924503326416, 0.29113924503326416, 0.3291139304637909, 0.3037974536418915, 0.3417721390724182, 0.4177215099334717, 0.4430379867553711, 0.4683544337749481, 0.4303797483444214, 0.3544303774833679, 0.4683544337749481, 0.5189873576164246, 0.4683544337749481], ""val_loss"": [15.893872261047363, 21.929264068603516, 0.4688909947872162, 12.8928861618042, 0.8530732989311218, 2.5057106018066406, 0.9708629846572876, 1.5194518566131592, 1.038612723350525, 2.457260847091675, 1.2030118703842163, 2.5139758586883545, 1.468371868133545, 1.010613203048706, 1.3427884578704834, 2.6732540130615234, 1.2627363204956055, 1.0098826885223389, 1.5546983480453491, 1.1207815408706665], ""val_accuracy"": [0.0, 0.0, 0.800000011920929, 0.0, 0.6499999761581421, 0.10000000149011612, 0.5, 0.25, 0.5, 0.05000000074505806, 0.550000011920929, 0.05000000074505806, 0.5, 0.550000011920929, 0.25, 0.0, 0.4000000059604645, 0.699999988079071, 0.15000000596046448, 0.550000011920929]}"
cricket_y,MLP,1.742530345916748,0.5307692289352417,"[[25, 0, 4, 0, 3, 0, 0, 3, 0, 2, 0, 0], [0, 20, 8, 0, 1, 0, 0, 0, 0, 0, 1, 1], [0, 3, 21, 0, 0, 1, 0, 0, 0, 0, 0, 4], [0, 0, 0, 20, 0, 0, 4, 5, 0, 6, 0, 0], [4, 1, 0, 1, 15, 1, 0, 0, 2, 1, 1, 3], [0, 0, 0, 1, 1, 12, 0, 0, 0, 0, 1, 18], [2, 0, 0, 8, 0, 0, 21, 1, 0, 1, 0, 0], [5, 0, 0, 4, 2, 0, 4, 9, 1, 7, 0, 0], [11, 0, 3, 0, 3, 1, 2, 1, 10, 1, 2, 0], [0, 0, 0, 9, 0, 0, 1, 3, 0, 19, 1, 0], [0, 0, 1, 1, 2, 4, 1, 3, 4, 2, 14, 1], [1, 1, 1, 0, 0, 5, 0, 1, 0, 0, 1, 21]]","{""loss"": [2.462303638458252, 1.776623010635376, 1.4465194940567017, 1.3095989227294922, 1.1300140619277954, 0.9763168096542358, 0.8246983289718628, 0.8278538584709167, 0.7231624126434326, 0.6123287677764893, 0.636620819568634, 0.5404983162879944, 0.4489656090736389, 0.42826804518699646, 0.37484610080718994, 0.45991966128349304, 0.4129481613636017, 0.4660206437110901, 0.3386997878551483, 0.3571377396583557], ""accuracy"": [0.16987179219722748, 0.3878205120563507, 0.4743589758872986, 0.5352563858032227, 0.6025640964508057, 0.6730769276618958, 0.7307692170143127, 0.692307710647583, 0.7115384340286255, 0.7564102411270142, 0.7596153616905212, 0.8108974099159241, 0.8589743375778198, 0.8397436141967773, 0.8589743375778198, 0.8333333134651184, 0.875, 0.8557692170143127, 0.8717948794364929, 0.8814102411270142], ""val_loss"": [2.042701482772827, 1.8757665157318115, 1.9994570016860962, 1.8965293169021606, 1.7826913595199585, 1.691357970237732, 1.8496335744857788, 2.08418869972229, 1.9840346574783325, 2.0827441215515137, 2.0123085975646973, 1.9746496677398682, 1.9611847400665283, 1.9006191492080688, 2.5704407691955566, 2.416499614715576, 2.1278843879699707, 2.293661594390869, 2.3016886711120605, 1.9694241285324097], ""val_accuracy"": [0.38461539149284363, 0.28205129504203796, 0.3205128312110901, 0.39743590354919434, 0.44871795177459717, 0.42307692766189575, 0.4743589758872986, 0.41025641560554504, 0.43589743971824646, 0.42307692766189575, 0.42307692766189575, 0.4743589758872986, 0.5, 0.4871794879436493, 0.39743590354919434, 0.38461539149284363, 0.44871795177459717, 0.43589743971824646, 0.4615384638309479, 0.4615384638309479]}"
distal_phalanax_tw,MLP,0.7918713688850403,0.6618704795837402,"[[11, 5, 2, 0, 0, 0], [2, 3, 14, 0, 0, 0], [0, 4, 31, 4, 0, 0], [0, 0, 8, 5, 0, 0], [0, 0, 3, 2, 0, 3], [0, 0, 0, 0, 0, 42]]","{""loss"": [1.0328600406646729, 0.717241644859314, 0.7224346399307251, 0.7081648111343384, 0.6440924406051636, 0.6191558241844177, 0.6531971096992493, 0.6627629995346069, 0.6254510879516602, 0.5855556726455688, 0.6168266534805298, 0.6214931607246399, 0.5758821964263916, 0.5742632746696472, 0.580253005027771, 0.5774571299552917, 0.5783724784851074, 0.5421433448791504, 0.5026609897613525, 0.5791719555854797], ""accuracy"": [0.684374988079071, 0.753125011920929, 0.731249988079071, 0.7562500238418579, 0.78125, 0.7906249761581421, 0.762499988079071, 0.78125, 0.7875000238418579, 0.778124988079071, 0.784375011920929, 0.7749999761581421, 0.7906249761581421, 0.796875, 0.7718750238418579, 0.793749988079071, 0.7749999761581421, 0.7749999761581421, 0.8031250238418579, 0.7875000238418579], ""val_loss"": [0.816919207572937, 0.895041286945343, 0.7966439723968506, 0.7779840230941772, 0.6839622259140015, 0.7317712306976318, 0.8250530362129211, 0.6757880449295044, 0.6947510838508606, 0.6213032007217407, 0.6954113841056824, 0.6241020560264587, 0.5874566435813904, 0.6278335452079773, 0.7752830386161804, 0.6809126138687134, 0.625561535358429, 0.5777745246887207, 0.5868483781814575, 0.6097992658615112], ""val_accuracy"": [0.699999988079071, 0.6875, 0.6625000238418579, 0.699999988079071, 0.762499988079071, 0.675000011920929, 0.675000011920929, 0.7749999761581421, 0.75, 0.762499988079071, 0.675000011920929, 0.7749999761581421, 0.762499988079071, 0.75, 0.7124999761581421, 0.7749999761581421, 0.75, 0.762499988079071, 0.762499988079071, 0.7875000238418579]}"
distal_phalanx_outline,MLP,0.6704018115997314,0.6557971239089966,"[[33, 82], [13, 148]]","{""loss"": [0.7248123288154602, 0.6820101141929626, 0.6468049883842468, 0.6297566890716553, 0.6412361860275269, 0.6002468466758728, 0.6058477759361267, 0.5712105631828308, 0.5590336322784424, 0.5639339685440063, 0.5683010816574097, 0.5494741201400757, 0.5618100762367249, 0.5619475841522217, 0.568749189376831, 0.5479668974876404, 0.5159870982170105, 0.5219952464103699, 0.5170881748199463, 0.5036178231239319], ""accuracy"": [0.5333333611488342, 0.581250011920929, 0.6208333373069763, 0.6458333134651184, 0.6166666746139526, 0.6916666626930237, 0.6604166626930237, 0.7124999761581421, 0.6958333253860474, 0.6937500238418579, 0.699999988079071, 0.6979166865348816, 0.6958333253860474, 0.6979166865348816, 0.706250011920929, 0.7124999761581421, 0.78125, 0.7395833134651184, 0.7437499761581421, 0.7645833492279053], ""val_loss"": [0.6424914002418518, 0.5106667876243591, 0.46005669236183167, 0.424889475107193, 0.5162534117698669, 0.42821043729782104, 0.519591748714447, 0.5294866561889648, 0.4439266324043274, 0.4219573140144348, 0.33656856417655945, 0.43285834789276123, 0.3765939772129059, 0.5651340484619141, 0.3230845332145691, 0.39922428131103516, 0.3380584120750427, 0.5020107626914978, 0.3469356596469879, 0.354805052280426], ""val_accuracy"": [0.8083333373069763, 0.8666666746139526, 0.8583333492279053, 0.8500000238418579, 0.875, 0.8833333253860474, 0.8833333253860474, 0.8916666507720947, 0.8833333253860474, 0.875, 0.8666666746139526, 0.8999999761581421, 0.8916666507720947, 0.8666666746139526, 0.8583333492279053, 0.9166666865348816, 0.8583333492279053, 0.8333333134651184, 0.875, 0.8583333492279053]}"
dodger_loop_day,MLP,nan,0.15000000596046448,"[[12, 0, 0, 0, 0, 0, 0], [11, 0, 0, 0, 0, 0, 0], [10, 0, 0, 0, 0, 0, 0], [11, 0, 0, 0, 0, 0, 0], [12, 0, 0, 0, 0, 0, 0], [13, 0, 0, 0, 0, 0, 0], [11, 0, 0, 0, 0, 0, 0]]","{""loss"": [NaN, NaN, NaN, NaN, NaN, NaN, NaN, NaN, NaN, NaN, NaN, NaN, NaN, NaN, NaN, NaN, NaN, NaN, NaN, NaN], ""accuracy"": [0.16129031777381897, 0.19354838132858276, 0.19354838132858276, 0.19354838132858276, 0.19354838132858276, 0.19354838132858276, 0.19354838132858276, 0.19354838132858276, 0.19354838132858276, 0.19354838132858276, 0.19354838132858276, 0.19354838132858276, 0.19354838132858276, 0.19354838132858276, 0.19354838132858276, 0.19354838132858276, 0.19354838132858276, 0.19354838132858276, 0.19354838132858276, 0.19354838132858276], ""val_loss"": [NaN, NaN, NaN, NaN, NaN, NaN, NaN, NaN, NaN, NaN, NaN, NaN, NaN, NaN, NaN, NaN, NaN, NaN, NaN, NaN], ""val_accuracy"": [0.0, 0.0, 0.0, 0.0, 0.0, 0.0, 0.0, 0.0, 0.0, 0.0, 0.0, 0.0, 0.0, 0.0, 0.0, 0.0, 0.0, 0.0, 0.0, 0.0]}"
earthquakes,MLP,3.26375675201416,0.6690647602081299,"[[88, 16], [30, 5]]","{""loss"": [0.6507058143615723, 0.34157752990722656, 0.08980689942836761, 0.0282874945551157, 0.012133308686316013, 0.015145836398005486, 0.0025505684316158295, 0.00813616905361414, 0.002781143644824624, 0.00034944459912367165, 0.0008091714116744697, 0.0006810096092522144, 0.009739392437040806, 0.04483411833643913, 0.02510157600045204, 0.05681072548031807, 0.1982426792383194, 0.15219859778881073, 0.022940106689929962, 0.009990503080189228], ""accuracy"": [0.7821011543273926, 0.8560311198234558, 0.9766536951065063, 0.9922178983688354, 0.9961089491844177, 0.9961089491844177, 1.0, 0.9961089491844177, 1.0, 1.0, 1.0, 1.0, 0.9961089491844177, 0.9883268475532532, 0.9844357967376709, 0.9766536951065063, 0.9533073902130127, 0.9766536951065063, 0.9844357967376709, 0.9961089491844177], ""val_loss"": [0.5555357933044434, 0.7531998753547668, 0.7428736686706543, 0.8346900939941406, 0.9517024159431458, 1.1297893524169922, 1.1905666589736938, 1.2894442081451416, 1.3202176094055176, 1.3393831253051758, 1.3555148839950562, 1.3998486995697021, 1.6926758289337158, 1.5157561302185059, 1.592605471611023, 2.44785475730896, 2.7782764434814453, 2.0212764739990234, 1.9809037446975708, 2.0876126289367676], ""val_accuracy"": [0.8153846263885498, 0.8615384697914124, 0.800000011920929, 0.7692307829856873, 0.8461538553237915, 0.8615384697914124, 0.7846153974533081, 0.800000011920929, 0.7846153974533081, 0.800000011920929, 0.800000011920929, 0.8153846263885498, 0.8769230842590332, 0.7692307829856873, 0.800000011920929, 0.8461538553237915, 0.692307710647583, 0.800000011920929, 0.7692307829856873, 0.7692307829856873]}"
electric_devices,MLP,2.9173786640167236,0.5953832268714905,"[[223, 11, 2, 128, 222, 76, 5], [0, 1337, 18, 149, 438, 7, 7], [33, 15, 459, 19, 10, 41, 178], [117, 27, 68, 772, 104, 54, 23], [85, 210, 13, 111, 1335, 38, 77], [172, 62, 67, 135, 41, 232, 34], [21, 55, 28, 93, 102, 24, 233]]","{""loss"": [1.2761152982711792, 0.9619547724723816, 0.8376070261001587, 0.7619553804397583, 0.6992733478546143, 0.6599065661430359, 0.6272343993186951, 0.6111899018287659, 0.5884666442871094, 0.5429975390434265, 0.5492269992828369, 0.5305561423301697, 0.5051024556159973, 0.5134232640266418, 0.48026490211486816, 0.47917941212654114, 0.4710570275783539, 0.46502500772476196, 0.44816160202026367, 0.465457558631897], ""accuracy"": [0.542436957359314, 0.650560200214386, 0.699999988079071, 0.7287114858627319, 0.745658278465271, 0.7620448470115662, 0.7721288800239563, 0.783753514289856, 0.7910364270210266, 0.808683454990387, 0.8061624765396118, 0.8126050233840942, 0.820588231086731, 0.8176470398902893, 0.8303921818733215, 0.8280112147331238, 0.8317927122116089, 0.8351540565490723, 0.844397783279419, 0.8396358489990234], ""val_loss"": [1.2650249004364014, 1.2478235960006714, 1.2418066263198853, 1.2125837802886963, 1.1982511281967163, 1.2886689901351929, 1.335921049118042, 1.4591087102890015, 1.439141035079956, 1.7032170295715332, 1.4198827743530273, 1.617250919342041, 1.623050570487976, 1.4173216819763184, 1.4855791330337524, 1.6200138330459595, 1.7026702165603638, 1.441469669342041, 1.7359724044799805, 1.6772127151489258], ""val_accuracy"": [0.6310190558433533, 0.6909294724464417, 0.671332597732544, 0.6707726716995239, 0.6758118867874146, 0.6494960784912109, 0.6702127456665039, 0.6601343750953674, 0.6629339456558228, 0.6377379894256592, 0.6416573524475098, 0.628779411315918, 0.6472564339637756, 0.6450167894363403, 0.642217218875885, 0.6483762860298157, 0.671332597732544, 0.6567749381065369, 0.6741321682929993, 0.6522956490516663]}"
face_ucr,MLP,1.8938027620315552,0.6614634394645691,"[[69, 0, 0, 0, 0, 0, 1, 3, 1, 0, 0, 0, 25, 0], [13, 108, 0, 15, 0, 1, 0, 0, 14, 0, 1, 0, 14, 0], [0, 0, 102, 1, 0, 1, 3, 2, 0, 5, 0, 21, 31, 0], [3, 19, 0, 74, 0, 8, 2, 3, 4, 0, 0, 5, 31, 0], [2, 0, 3, 5, 97, 8, 0, 2, 0, 2, 1, 2, 37, 2], [0, 1, 3, 3, 2, 112, 6, 0, 0, 2, 0, 11, 34, 0], [0, 1, 0, 0, 1, 1, 95, 0, 0, 1, 0, 6, 30, 0], [6, 2, 1, 0, 2, 0, 5, 124, 15, 1, 0, 0, 90, 0], [0, 0, 0, 0, 0, 1, 11, 0, 106, 0, 0, 0, 10, 0], [0, 0, 6, 0, 1, 0, 5, 2, 0, 71, 0, 2, 40, 0], [0, 4, 2, 2, 0, 0, 7, 4, 0, 0, 16, 0, 9, 0], [0, 0, 3, 0, 0, 1, 6, 1, 0, 0, 0, 64, 20, 0], [0, 0, 0, 0, 0, 0, 2, 0, 0, 0, 0, 0, 292, 0], [1, 2, 3, 4, 1, 0, 1, 5, 3, 1, 0, 0, 19, 26]]","{""loss"": [2.474186420440674, 1.5971142053604126, 1.0738157033920288, 0.7167617678642273, 0.47527751326560974, 0.28807497024536133, 0.227196604013443, 0.168718159198761, 0.1187393069267273, 0.0946764126420021, 0.07119305431842804, 0.09706608206033707, 0.04899204522371292, 0.03431250900030136, 0.054208070039749146, 0.05808647349476814, 0.04584656283259392, 0.04039981961250305, 0.053251851350069046, 0.060255587100982666], ""accuracy"": [0.21250000596046448, 0.59375, 0.706250011920929, 0.793749988079071, 0.84375, 0.90625, 0.90625, 0.9624999761581421, 0.9750000238418579, 0.96875, 0.981249988079071, 0.987500011920929, 0.981249988079071, 0.9937499761581421, 0.9937499761581421, 0.987500011920929, 0.981249988079071, 0.987500011920929, 0.981249988079071, 0.981249988079071], ""val_loss"": [1.678594946861267, 1.2858989238739014, 1.062378168106079, 1.1683332920074463, 1.0798709392547607, 1.226567029953003, 1.196985125541687, 1.3183804750442505, 1.178304672241211, 1.3244808912277222, 1.3496978282928467, 1.507871389389038, 1.4675310850143433, 1.6235790252685547, 1.6394450664520264, 1.7301177978515625, 1.5082839727401733, 1.3567957878112793, 1.7369060516357422, 2.2456438541412354], ""val_accuracy"": [0.5249999761581421, 0.699999988079071, 0.699999988079071, 0.675000011920929, 0.675000011920929, 0.625, 0.699999988079071, 0.6499999761581421, 0.75, 0.7250000238418579, 0.699999988079071, 0.675000011920929, 0.675000011920929, 0.675000011920929, 0.699999988079071, 0.699999988079071, 0.675000011920929, 0.675000011920929, 0.6499999761581421, 0.625]}"
fifty_words,MLP,2.414229154586792,0.6527472734451294,"[[46, 0, 0, 0, 0, 0, 0, 3, 0, 0, 0, 0, 0, 0, 0, 4, 0, 0, 0, 0, 1, 0, 0, 0, 0, 0, 0, 0, 0, 0, 0, 0, 1, 0, 0, 0, 0, 0, 0, 0, 0, 0, 0, 0, 0, 2, 0, 0, 0, 0], [0, 39, 0, 0, 0, 0, 0, 0, 0, 0, 0, 0, 0, 0, 0, 0, 0, 0, 0, 0, 0, 0, 0, 0, 0, 0, 0, 0, 0, 0, 0, 0, 0, 0, 0, 0, 0, 3, 0, 0, 0, 0, 0, 0, 0, 0, 0, 0, 0, 0], [0, 1, 26, 0, 0, 0, 0, 0, 0, 1, 0, 0, 0, 0, 0, 0, 0, 0, 0, 0, 0, 0, 0, 0, 0, 0, 0, 0, 0, 0, 0, 0, 0, 0, 0, 0, 0, 0, 0, 0, 0, 0, 0, 0, 0, 0, 0, 0, 0, 0], [0, 0, 0, 23, 0, 1, 0, 0, 0, 0, 1, 2, 0, 0, 0, 0, 1, 0, 0, 0, 1, 0, 0, 0, 0, 0, 0, 0, 0, 0, 0, 0, 2, 0, 0, 0, 0, 0, 0, 0, 0, 0, 0, 0, 0, 0, 0, 3, 0, 0], [0, 3, 1, 0, 21, 0, 0, 0, 0, 0, 0, 0, 0, 0, 0, 0, 0, 0, 0, 0, 0, 0, 0, 0, 0, 0, 0, 0, 0, 0, 0, 0, 0, 0, 0, 0, 0, 0, 0, 0, 0, 0, 0, 0, 0, 0, 0, 0, 0, 0], [0, 0, 2, 0, 0, 10, 0, 0, 0, 0, 0, 0, 3, 0, 0, 1, 0, 0, 1, 0, 0, 0, 0, 0, 0, 0, 0, 0, 0, 0, 0, 1, 0, 0, 0, 0, 0, 0, 0, 0, 0, 0, 0, 0, 1, 0, 0, 0, 0, 0], [1, 0, 0, 0, 0, 0, 14, 0, 0, 0, 0, 0, 0, 0, 0, 0, 0, 1, 0, 0, 0, 0, 0, 0, 0, 0, 0, 0, 0, 0, 0, 0, 0, 0, 0, 0, 0, 0, 0, 0, 0, 0, 0, 0, 0, 0, 0, 0, 0, 0], [0, 0, 0, 0, 0, 0, 0, 12, 0, 0, 0, 0, 0, 0, 0, 1, 0, 0, 0, 0, 0, 0, 0, 0, 0, 0, 0, 0, 0, 0, 0, 0, 0, 0, 0, 0, 0, 0, 0, 0, 0, 0, 0, 0, 0, 0, 0, 0, 0, 0], [0, 1, 0, 0, 0, 0, 0, 1, 9, 0, 0, 0, 1, 0, 0, 0, 0, 0, 0, 0, 0, 0, 0, 0, 0, 0, 0, 0, 0, 1, 0, 0, 0, 0, 0, 0, 0, 0, 0, 0, 0, 0, 0, 0, 0, 0, 0, 0, 0, 0], [0, 0, 0, 0, 0, 0, 0, 0, 0, 10, 0, 0, 0, 0, 0, 0, 0, 0, 0, 0, 0, 1, 0, 0, 0, 0, 0, 0, 0, 0, 1, 0, 0, 0, 0, 0, 0, 0, 0, 0, 0, 0, 0, 0, 0, 0, 0, 0, 0, 0], [0, 0, 2, 6, 0, 0, 0, 0, 0, 0, 4, 0, 0, 0, 0, 0, 0, 0, 0, 0, 0, 0, 0, 0, 0, 0, 0, 0, 0, 0, 0, 0, 0, 0, 0, 0, 0, 0, 0, 0, 0, 0, 0, 0, 0, 0, 0, 0, 0, 0], [0, 1, 0, 1, 0, 0, 0, 0, 0, 0, 0, 4, 0, 0, 0, 0, 0, 0, 0, 0, 1, 0, 0, 0, 0, 0, 0, 0, 0, 0, 0, 0, 0, 0, 0, 0, 0, 1, 0, 1, 0, 0, 0, 0, 0, 0, 0, 0, 0, 0], [0, 0, 0, 0, 0, 0, 0, 0, 0, 0, 0, 1, 3, 3, 0, 0, 0, 0, 0, 0, 0, 0, 0, 0, 0, 0, 0, 0, 0, 0, 0, 0, 0, 0, 0, 0, 0, 0, 0, 0, 0, 0, 0, 0, 0, 0, 0, 0, 0, 0], [0, 0, 0, 0, 1, 0, 0, 0, 1, 0, 0, 1, 3, 3, 0, 0, 0, 0, 0, 0, 0, 0, 0, 0, 0, 0, 0, 0, 0, 0, 0, 0, 0, 0, 0, 0, 0, 0, 0, 0, 0, 0, 0, 0, 0, 0, 0, 1, 0, 0], [0, 1, 0, 0, 0, 0, 0, 0, 0, 0, 0, 0, 0, 0, 7, 0, 1, 0, 0, 0, 0, 0, 0, 0, 0, 0, 0, 0, 0, 0, 0, 0, 0, 0, 0, 0, 0, 0, 0, 0, 0, 0, 0, 0, 0, 0, 0, 0, 0, 0], [0, 0, 0, 0, 0, 0, 0, 0, 0, 0, 0, 0, 0, 0, 0, 8, 0, 0, 0, 0, 0, 0, 0, 0, 0, 0, 0, 0, 0, 0, 0, 0, 0, 0, 0, 0, 0, 0, 0, 0, 0, 0, 0, 0, 0, 0, 0, 0, 0, 0], [0, 0, 0, 4, 0, 0, 0, 0, 0, 0, 0, 0, 0, 0, 0, 0, 3, 0, 0, 0, 0, 0, 0, 0, 0, 0, 0, 0, 0, 0, 0, 0, 0, 0, 0, 0, 0, 0, 0, 0, 0, 0, 0, 0, 0, 0, 0, 0, 0, 0], [0, 0, 0, 0, 0, 0, 0, 0, 0, 0, 0, 0, 1, 0, 0, 0, 0, 4, 0, 0, 0, 0, 0, 0, 0, 0, 0, 0, 0, 0, 0, 0, 0, 0, 0, 0, 0, 0, 0, 0, 0, 0, 0, 0, 0, 0, 0, 0, 0, 0], [0, 0, 0, 0, 0, 0, 0, 0, 0, 0, 0, 0, 0, 0, 0, 0, 0, 0, 4, 0, 0, 0, 0, 0, 0, 0, 0, 0, 0, 0, 0, 0, 0, 0, 0, 0, 0, 0, 0, 0, 0, 0, 0, 0, 0, 0, 0, 0, 0, 0], [0, 0, 0, 0, 1, 0, 0, 0, 0, 0, 0, 0, 0, 0, 0, 0, 0, 0, 0, 5, 0, 0, 0, 0, 0, 0, 0, 0, 0, 0, 0, 0, 0, 0, 0, 0, 0, 0, 0, 0, 0, 0, 0, 0, 0, 0, 0, 0, 0, 0], [0, 0, 0, 0, 1, 0, 0, 0, 0, 0, 0, 1, 0, 0, 0, 0, 0, 0, 0, 0, 1, 0, 0, 0, 0, 0, 0, 0, 0, 0, 0, 0, 0, 0, 0, 0, 0, 0, 0, 1, 0, 0, 0, 0, 0, 1, 0, 0, 0, 0], [0, 1, 0, 0, 0, 0, 0, 0, 0, 2, 0, 0, 0, 0, 0, 0, 0, 0, 0, 0, 0, 0, 1, 1, 0, 0, 0, 0, 0, 0, 0, 0, 1, 0, 0, 0, 0, 0, 0, 0, 0, 0, 0, 0, 0, 0, 0, 0, 0, 0], [0, 0, 0, 0, 0, 0, 0, 0, 0, 0, 0, 0, 0, 0, 0, 0, 0, 0, 0, 0, 0, 0, 3, 0, 0, 0, 0, 0, 0, 0, 0, 1, 0, 0, 0, 0, 0, 0, 0, 0, 0, 0, 0, 0, 0, 0, 0, 0, 0, 0], [0, 0, 0, 0, 0, 0, 0, 0, 0, 0, 0, 0, 0, 0, 0, 0, 0, 0, 0, 0, 0, 0, 2, 4, 0, 0, 0, 0, 0, 0, 0, 0, 0, 0, 0, 0, 0, 0, 0, 0, 0, 0, 0, 0, 0, 0, 0, 0, 0, 0], [0, 0, 0, 0, 0, 0, 0, 1, 0, 0, 0, 0, 0, 0, 0, 0, 0, 0, 0, 0, 0, 0, 0, 0, 1, 0, 0, 0, 0, 6, 0, 0, 0, 0, 0, 0, 0, 0, 0, 0, 0, 0, 0, 0, 0, 0, 0, 0, 0, 0], [1, 0, 0, 0, 0, 0, 0, 0, 0, 0, 0, 0, 0, 0, 0, 0, 0, 0, 0, 0, 0, 0, 0, 0, 0, 3, 0, 0, 0, 0, 0, 0, 0, 0, 0, 0, 0, 0, 0, 0, 0, 0, 0, 0, 0, 0, 0, 0, 0, 0], [0, 0, 0, 0, 0, 0, 0, 0, 0, 2, 0, 0, 0, 0, 1, 0, 0, 0, 0, 0, 0, 0, 0, 0, 0, 0, 1, 0, 0, 1, 0, 1, 0, 0, 0, 0, 0, 0, 0, 0, 0, 0, 0, 0, 0, 0, 0, 0, 0, 0], [0, 0, 0, 0, 0, 0, 0, 0, 0, 0, 0, 0, 0, 0, 0, 0, 0, 0, 0, 0, 0, 0, 0, 0, 0, 0, 0, 1, 0, 0, 0, 0, 0, 0, 0, 0, 0, 0, 0, 0, 0, 0, 0, 1, 1, 0, 0, 0, 0, 0], [0, 0, 0, 0, 0, 0, 0, 0, 1, 0, 0, 0, 0, 0, 0, 0, 0, 0, 0, 0, 0, 0, 0, 0, 0, 0, 0, 0, 1, 0, 0, 0, 1, 0, 0, 1, 0, 0, 0, 0, 0, 0, 0, 1, 0, 0, 0, 0, 0, 0], [0, 0, 0, 0, 0, 0, 0, 0, 0, 0, 0, 0, 0, 0, 0, 0, 0, 0, 0, 0, 0, 0, 0, 0, 0, 0, 0, 0, 0, 2, 0, 0, 0, 0, 0, 0, 0, 0, 0, 0, 0, 0, 0, 1, 0, 0, 0, 0, 0, 0], [0, 0, 0, 0, 0, 0, 0, 0, 0, 0, 0, 0, 2, 0, 0, 0, 0, 0, 0, 0, 0, 0, 0, 0, 0, 0, 0, 0, 0, 0, 4, 0, 0, 0, 0, 0, 0, 0, 0, 0, 0, 0, 0, 0, 0, 0, 0, 0, 0, 0], [0, 0, 0, 0, 0, 0, 0, 0, 0, 0, 0, 0, 0, 0, 0, 0, 0, 0, 0, 0, 0, 0, 0, 0, 0, 0, 0, 0, 0, 0, 0, 2, 0, 0, 0, 0, 0, 0, 0, 0, 0, 0, 0, 0, 0, 0, 0, 0, 0, 0], [0, 1, 0, 1, 0, 0, 0, 0, 0, 0, 0, 0, 0, 0, 0, 0, 0, 0, 0, 0, 0, 0, 0, 0, 0, 0, 0, 0, 0, 0, 0, 0, 1, 0, 0, 0, 0, 0, 0, 0, 0, 0, 0, 0, 0, 0, 0, 0, 0, 0], [0, 0, 0, 0, 0, 0, 0, 0, 0, 0, 0, 0, 1, 0, 0, 0, 0, 4, 0, 0, 0, 0, 0, 0, 0, 0, 0, 0, 0, 0, 0, 0, 0, 0, 0, 0, 0, 0, 0, 0, 0, 0, 0, 0, 0, 0, 0, 0, 0, 0], [0, 0, 0, 0, 1, 0, 0, 1, 0, 0, 0, 0, 0, 0, 0, 0, 0, 0, 0, 0, 0, 0, 0, 0, 0, 0, 0, 0, 0, 0, 0, 0, 0, 0, 0, 0, 0, 0, 0, 0, 0, 0, 0, 0, 0, 0, 0, 0, 0, 0], [0, 0, 0, 0, 0, 0, 0, 0, 0, 0, 0, 0, 0, 0, 0, 0, 0, 0, 0, 0, 0, 0, 0, 0, 0, 0, 0, 0, 0, 0, 0, 0, 0, 0, 0, 2, 0, 0, 0, 0, 0, 0, 0, 0, 0, 0, 0, 0, 0, 0], [0, 0, 0, 0, 0, 0, 0, 0, 0, 0, 0, 0, 0, 0, 0, 0, 0, 0, 0, 0, 0, 0, 0, 0, 0, 0, 0, 0, 0, 0, 0, 0, 0, 0, 0, 0, 3, 0, 0, 0, 0, 0, 0, 0, 0, 0, 0, 0, 0, 0], [0, 2, 0, 0, 0, 0, 0, 0, 0, 0, 0, 0, 0, 0, 0, 0, 0, 0, 0, 0, 0, 0, 0, 0, 0, 0, 0, 0, 0, 0, 0, 0, 0, 0, 0, 0, 0, 2, 0, 0, 0, 0, 0, 0, 0, 0, 0, 0, 0, 0], [0, 0, 0, 0, 0, 0, 0, 0, 0, 0, 0, 0, 0, 0, 0, 0, 0, 0, 0, 0, 0, 0, 0, 0, 0, 0, 0, 0, 1, 0, 0, 0, 0, 0, 0, 0, 0, 0, 3, 0, 0, 0, 0, 0, 0, 0, 0, 0, 0, 0], [0, 0, 0, 0, 0, 0, 0, 1, 0, 0, 0, 2, 0, 0, 0, 0, 0, 0, 0, 1, 0, 0, 0, 0, 0, 0, 0, 0, 0, 0, 0, 0, 0, 0, 0, 0, 0, 0, 0, 0, 0, 0, 0, 0, 0, 0, 0, 0, 0, 0], [0, 0, 1, 2, 0, 0, 0, 0, 0, 1, 1, 0, 0, 0, 0, 0, 0, 0, 0, 0, 0, 0, 0, 0, 0, 0, 0, 0, 0, 0, 1, 0, 0, 0, 0, 0, 0, 0, 0, 0, 0, 0, 0, 0, 0, 0, 0, 0, 0, 0], [0, 0, 0, 0, 0, 1, 0, 0, 0, 0, 1, 0, 0, 0, 0, 0, 0, 2, 0, 0, 0, 0, 0, 0, 0, 0, 0, 0, 0, 0, 0, 0, 0, 0, 0, 0, 0, 0, 0, 0, 0, 0, 0, 0, 0, 0, 0, 1, 0, 0], [0, 0, 0, 0, 0, 0, 1, 1, 0, 0, 0, 0, 0, 0, 0, 0, 0, 0, 0, 0, 0, 0, 0, 0, 0, 0, 0, 0, 0, 0, 0, 0, 0, 0, 0, 0, 0, 0, 0, 0, 0, 0, 0, 0, 1, 0, 0, 0, 0, 0], [0, 0, 0, 0, 0, 0, 0, 0, 0, 0, 0, 0, 0, 0, 0, 0, 0, 0, 0, 0, 0, 0, 0, 0, 0, 0, 0, 0, 0, 0, 0, 0, 0, 0, 0, 0, 0, 0, 0, 0, 0, 1, 0, 0, 0, 0, 0, 0, 0, 0], [0, 0, 0, 0, 0, 0, 0, 0, 0, 0, 0, 0, 0, 0, 0, 0, 0, 0, 0, 0, 0, 0, 0, 0, 0, 0, 0, 0, 0, 1, 0, 0, 0, 0, 0, 0, 0, 0, 0, 0, 0, 0, 0, 0, 2, 0, 0, 0, 0, 0], [0, 0, 0, 1, 0, 0, 0, 0, 0, 0, 0, 0, 0, 0, 0, 0, 0, 1, 0, 0, 0, 0, 0, 0, 0, 0, 0, 0, 0, 0, 0, 0, 0, 0, 0, 0, 0, 0, 0, 0, 0, 0, 0, 0, 0, 1, 0, 0, 0, 0], [0, 0, 0, 0, 0, 0, 0, 0, 0, 0, 0, 0, 0, 0, 0, 0, 0, 0, 0, 0, 0, 0, 0, 0, 0, 0, 0, 0, 0, 0, 0, 0, 0, 0, 0, 0, 0, 0, 0, 0, 0, 0, 0, 0, 0, 0, 3, 0, 0, 0], [1, 0, 0, 0, 0, 0, 0, 0, 0, 0, 0, 0, 0, 0, 0, 0, 0, 0, 1, 0, 0, 0, 0, 0, 0, 0, 0, 0, 0, 0, 0, 0, 0, 0, 0, 0, 0, 0, 0, 0, 0, 0, 0, 0, 0, 0, 0, 0, 0, 0], [0, 0, 0, 0, 0, 1, 0, 1, 0, 0, 0, 0, 0, 0, 0, 0, 0, 0, 0, 0, 0, 0, 0, 0, 0, 0, 0, 0, 0, 0, 0, 0, 0, 0, 0, 0, 0, 0, 0, 0, 0, 0, 0, 0, 0, 0, 0, 0, 2, 0], [0, 0, 0, 1, 0, 0, 0, 0, 0, 0, 0, 2, 0, 0, 0, 0, 1, 0, 0, 0, 0, 0, 0, 0, 0, 0, 0, 0, 0, 0, 0, 0, 0, 0, 0, 0, 0, 0, 0, 0, 0, 0, 0, 0, 0, 0, 0, 0, 0, 0]]","{""loss"": [3.3298115730285645, 2.180004119873047, 1.7550023794174194, 1.3192063570022583, 1.1392625570297241, 0.8740115761756897, 0.8541865944862366, 0.6841497421264648, 0.5934382677078247, 0.5495251417160034, 0.4366694986820221, 0.42129796743392944, 0.3668747842311859, 0.3242429792881012, 0.46715375781059265, 0.35751673579216003, 0.3297179043292999, 0.2832755744457245, 0.2470964789390564, 0.143508180975914], ""accuracy"": [0.25, 0.4305555522441864, 0.5083333253860474, 0.6222222447395325, 0.6555555462837219, 0.7138888835906982, 0.7388888597488403, 0.7944444417953491, 0.8111110925674438, 0.8166666626930237, 0.8472222089767456, 0.8611111044883728, 0.8861111402511597, 0.8888888955116272, 0.8416666388511658, 0.8611111044883728, 0.8916666507720947, 0.925000011920929, 0.9194444417953491, 0.9555555582046509], ""val_loss"": [2.362699031829834, 1.9284523725509644, 1.5517077445983887, 1.5456668138504028, 1.384487271308899, 1.5734076499938965, 1.307027816772461, 1.6167213916778564, 1.4988737106323242, 1.685670256614685, 1.651071548461914, 1.7153427600860596, 1.7672091722488403, 1.916982650756836, 1.7314321994781494, 1.8250391483306885, 1.8823349475860596, 1.7195578813552856, 1.864187479019165, 1.961641550064087], ""val_accuracy"": [0.4555555582046509, 0.46666666865348816, 0.644444465637207, 0.6222222447395325, 0.6666666865348816, 0.6333333253860474, 0.6666666865348816, 0.6666666865348816, 0.6222222447395325, 0.6555555462837219, 0.6666666865348816, 0.6666666865348816, 0.6888889074325562, 0.6222222447395325, 0.6000000238418579, 0.5888888835906982, 0.6777777671813965, 0.6888889074325562, 0.6333333253860474, 0.6666666865348816]}"
fish,MLP,1.0119330883026123,0.6399999856948853,"[[9, 2, 6, 3, 0, 1, 3], [0, 23, 2, 0, 0, 0, 0], [0, 0, 17, 2, 0, 0, 3], [2, 1, 1, 22, 0, 0, 3], [1, 0, 4, 4, 18, 1, 0], [2, 3, 1, 1, 0, 4, 14], [0, 1, 2, 0, 0, 0, 19]]","{""loss"": [2.261894702911377, 1.8704733848571777, 1.7854938507080078, 1.6215450763702393, 1.6104694604873657, 1.5510914325714111, 1.4697006940841675, 1.2838244438171387, 1.2191541194915771, 1.3825855255126953, 1.165022850036621, 1.2012115716934204, 1.1597790718078613, 1.0974364280700684, 1.0189564228057861, 1.056784987449646, 1.0748622417449951, 1.0035183429718018, 0.8571510314941406, 0.8354670405387878], ""accuracy"": [0.20714285969734192, 0.2785714268684387, 0.27142858505249023, 0.3642857074737549, 0.3571428656578064, 0.44999998807907104, 0.4285714328289032, 0.5571428537368774, 0.5428571701049805, 0.4642857015132904, 0.5928571224212646, 0.5642856955528259, 0.6000000238418579, 0.6071428656578064, 0.6428571343421936, 0.6000000238418579, 0.6357142925262451, 0.6428571343421936, 0.6785714030265808, 0.699999988079071], ""val_loss"": [1.7237342596054077, 2.1458308696746826, 1.7709766626358032, 1.7840973138809204, 1.5657646656036377, 1.6953773498535156, 1.4796693325042725, 1.3470889329910278, 1.308298945426941, 1.3670846223831177, 1.8421878814697266, 1.383405327796936, 1.2748982906341553, 1.1892470121383667, 0.9577181339263916, 1.954067587852478, 0.9991146922111511, 1.0325535535812378, 1.0871952772140503, 0.9372282028198242], ""val_accuracy"": [0.34285715222358704, 0.1428571492433548, 0.4285714328289032, 0.3142857253551483, 0.5428571701049805, 0.37142857909202576, 0.5142857432365417, 0.5428571701049805, 0.5428571701049805, 0.6000000238418579, 0.4285714328289032, 0.5714285969734192, 0.5428571701049805, 0.6000000238418579, 0.6285714507102966, 0.34285715222358704, 0.6857143044471741, 0.6285714507102966, 0.6571428775787354, 0.6857143044471741]}"
freezers,MLP,0.4861624836921692,0.7698245644569397,"[[985, 440], [216, 1209]]","{""loss"": [0.716543436050415, 1.0315861701965332, 0.5868211388587952, 0.5845478773117065, 0.5690320730209351, 0.5817707777023315, 0.4681534469127655, 0.46448132395744324, 0.4481952488422394, 0.5374059081077576, 0.5066251754760742, 0.4781176745891571, 0.4373777210712433, 0.48448580503463745, 0.4187871217727661, 0.468142569065094, 0.4487622380256653, 0.4362999498844147, 0.4245225489139557, 0.40909358859062195], ""accuracy"": [0.7083333134651184, 0.6916666626930237, 0.7083333134651184, 0.7083333134651184, 0.7250000238418579, 0.6499999761581421, 0.7583333253860474, 0.7666666507720947, 0.8333333134651184, 0.7333333492279053, 0.7333333492279053, 0.7833333611488342, 0.8083333373069763, 0.7666666507720947, 0.8583333492279053, 0.7916666865348816, 0.7666666507720947, 0.7916666865348816, 0.8083333373069763, 0.824999988079071], ""val_loss"": [2.306096315383911, 0.932188868522644, 1.0988178253173828, 0.383929580450058, 0.18050985038280487, 0.5200093388557434, 0.6608803868293762, 0.504345715045929, 0.3534947335720062, 0.445049911737442, 0.31851431727409363, 0.581280529499054, 0.7829276919364929, 0.6959941983222961, 0.46264299750328064, 0.7129591107368469, 0.9050673842430115, 0.5239072442054749, 0.5765868425369263, 0.32170766592025757], ""val_accuracy"": [0.03333333507180214, 0.5333333611488342, 0.3333333432674408, 0.8999999761581421, 0.9333333373069763, 0.8999999761581421, 0.800000011920929, 0.8999999761581421, 0.8999999761581421, 0.8999999761581421, 0.8999999761581421, 0.800000011920929, 0.699999988079071, 0.7333333492279053, 0.800000011920929, 0.7666666507720947, 0.6333333253860474, 0.8999999761581421, 0.8333333134651184, 0.8999999761581421]}"
gun_point_age_span,MLP,8.83018970489502,0.8322784900665283,"[[159, 1], [52, 104]]","{""loss"": [139.86778259277344, 217.02365112304688, 71.12420654296875, 79.78047180175781, 49.961246490478516, 46.24995422363281, 23.62872314453125, 37.829559326171875, 66.1800308227539, 30.705612182617188, 19.18941307067871, 9.60262393951416, 17.41275405883789, 18.799909591674805, 7.83347225189209, 10.627520561218262, 16.54865264892578, 16.33897590637207, 9.391462326049805, 5.725300312042236], ""accuracy"": [0.6388888955116272, 0.6296296119689941, 0.6851851940155029, 0.75, 0.7777777910232544, 0.7037037014961243, 0.8333333134651184, 0.8055555820465088, 0.6666666865348816, 0.7592592835426331, 0.8148148059844971, 0.8333333134651184, 0.7777777910232544, 0.7870370149612427, 0.8240740895271301, 0.7962962985038757, 0.7777777910232544, 0.8333333134651184, 0.7685185074806213, 0.8518518805503845], ""val_loss"": [5.555340766906738, 231.93222045898438, 10.402180671691895, 18.506694793701172, 35.5316047668457, 53.070194244384766, 78.57451629638672, 28.176719665527344, 29.871522903442383, 51.74596405029297, 39.99934387207031, 36.158809661865234, 45.116214752197266, 22.750822067260742, 7.697018623352051, 26.845346450805664, 45.2318115234375, 4.6910319328308105, 14.581928253173828, 20.837053298950195], ""val_accuracy"": [0.8888888955116272, 0.14814814925193787, 0.8888888955116272, 0.8148148059844971, 0.7407407164573669, 0.7037037014961243, 0.5185185074806213, 0.8148148059844971, 0.7777777910232544, 0.5555555820465088, 0.5925925970077515, 0.6666666865348816, 0.48148149251937866, 0.6666666865348816, 0.8148148059844971, 0.5925925970077515, 0.4444444477558136, 0.8518518805503845, 0.7407407164573669, 0.6296296119689941]}"
gun_point_male_female,MLP,3.8739681243896484,0.7183544039726257,"[[166, 0], [89, 61]]","{""loss"": [303.5406799316406, 356.0716857910156, 89.47986602783203, 72.96514892578125, 48.15570831298828, 30.387781143188477, 16.603816986083984, 13.23856258392334, 12.60922622680664, 14.706525802612305, 16.227903366088867, 6.649651527404785, 8.898970603942871, 5.763762474060059, 10.419878959655762, 8.44674301147461, 5.291317939758301, 4.81260347366333, 6.076047420501709, 6.144461154937744], ""accuracy"": [0.6203703880310059, 0.5648148059844971, 0.5092592835426331, 0.5648148059844971, 0.6481481194496155, 0.6574074029922485, 0.7592592835426331, 0.7407407164573669, 0.6666666865348816, 0.7222222089767456, 0.7129629850387573, 0.7685185074806213, 0.7777777910232544, 0.7777777910232544, 0.7314814925193787, 0.6388888955116272, 0.7407407164573669, 0.7962962985038757, 0.7685185074806213, 0.7870370149612427], ""val_loss"": [0.0, 287.50726318359375, 195.6211700439453, 99.21515655517578, 0.0, 0.004232899751514196, 11.897581100463867, 13.94219970703125, 2.3178186416625977, 0.0, 1.061126470565796, 0.00026655293186195195, 0.053759388625621796, 3.2452499866485596, 36.32581329345703, 10.547607421875, 2.0618419966922374e-06, 20.05145263671875, 8.79486083984375, 8.718052864074707], ""val_accuracy"": [1.0, 0.0, 0.0, 0.0, 1.0, 1.0, 0.5185185074806213, 0.4444444477558136, 0.8148148059844971, 1.0, 0.8888888955116272, 1.0, 0.9629629850387573, 0.5555555820465088, 0.03703703731298447, 0.40740740299224854, 1.0, 0.29629629850387573, 0.48148149251937866, 0.4444444477558136]}"
gun_point_old_young,MLP,1.0977619886398315,0.7047619223594666,"[[113, 37], [56, 109]]","{""loss"": [171.84913635253906, 149.89881896972656, 128.98179626464844, 118.28693389892578, 74.71499633789062, 50.32997131347656, 68.65299987792969, 35.36343002319336, 47.964290618896484, 40.38265609741211, 40.976322174072266, 25.051902770996094, 18.537399291992188, 13.496925354003906, 12.262085914611816, 10.472899436950684, 15.65191650390625, 9.42953109741211, 5.881818771362305, 5.809234142303467], ""accuracy"": [0.5092592835426331, 0.5740740895271301, 0.5925925970077515, 0.5370370149612427, 0.5648148059844971, 0.6296296119689941, 0.5555555820465088, 0.6481481194496155, 0.5462962985038757, 0.6296296119689941, 0.6018518805503845, 0.5648148059844971, 0.5740740895271301, 0.6111111044883728, 0.5740740895271301, 0.6388888955116272, 0.5648148059844971, 0.5370370149612427, 0.5925925970077515, 0.5925925970077515], ""val_loss"": [3.4645369052886963, 503.5460510253906, 4.014540195465088, 18.372697830200195, 12.555807113647461, 8.071553230285645, 29.929235458374023, 5.896644115447998, 45.61644744873047, 28.012939453125, 33.4616813659668, 25.677532196044922, 6.291078090667725, 1.733694314956665, 1.0052608251571655, 2.231569528579712, 0.9675591588020325, 13.119681358337402, 6.891257286071777, 1.878038763999939], ""val_accuracy"": [0.9642857313156128, 0.0, 0.9642857313156128, 0.8571428656578064, 0.9285714030265808, 0.9642857313156128, 0.6785714030265808, 0.8571428656578064, 0.5357142686843872, 0.5357142686843872, 0.4642857015132904, 0.3928571343421936, 0.6428571343421936, 0.9285714030265808, 0.9642857313156128, 0.9642857313156128, 0.9642857313156128, 0.4285714328289032, 0.6428571343421936, 0.6785714030265808]}"
lightning_7,MLP,1.4285690784454346,0.6849315166473389,"[[9, 1, 0, 0, 0, 0, 0], [1, 2, 0, 0, 0, 6, 0], [0, 0, 6, 0, 0, 0, 0], [1, 0, 0, 4, 1, 1, 0], [0, 0, 0, 5, 4, 1, 0], [0, 1, 0, 0, 0, 17, 1], [1, 0, 0, 1, 0, 2, 8]]","{""loss"": [1.8088747262954712, 1.1012905836105347, 0.7343990206718445, 0.5536494255065918, 0.5677586197853088, 0.397061288356781, 0.3551953136920929, 0.4586976170539856, 0.26764580607414246, 0.1286354809999466, 0.29427486658096313, 0.15189598500728607, 0.36238035559654236, 0.15426115691661835, 0.2270248979330063, 0.09114886075258255, 0.11233152449131012, 0.03862691670656204, 0.2078227549791336, 0.05107475072145462], ""accuracy"": [0.2857142984867096, 0.5357142686843872, 0.7857142686843872, 0.8035714030265808, 0.7857142686843872, 0.8214285969734192, 0.9107142686843872, 0.8571428656578064, 0.8928571343421936, 0.9821428656578064, 0.9107142686843872, 0.9464285969734192, 0.875, 0.9642857313156128, 0.9285714030265808, 0.9821428656578064, 0.9642857313156128, 0.9821428656578064, 0.9285714030265808, 0.9821428656578064], ""val_loss"": [1.5157078504562378, 1.081504225730896, 1.2309931516647339, 1.4121997356414795, 1.5183745622634888, 1.6847974061965942, 2.2379019260406494, 2.313873291015625, 2.1212408542633057, 1.9352816343307495, 2.246178150177002, 3.0143582820892334, 2.7822377681732178, 2.2782132625579834, 2.285923480987549, 2.453666925430298, 2.6120002269744873, 2.7271652221679688, 2.599578380584717, 3.154855251312256], ""val_accuracy"": [0.3571428656578064, 0.7142857313156128, 0.7142857313156128, 0.6428571343421936, 0.6428571343421936, 0.6428571343421936, 0.6428571343421936, 0.7142857313156128, 0.6428571343421936, 0.5714285969734192, 0.7142857313156128, 0.5, 0.6428571343421936, 0.6428571343421936, 0.6428571343421936, 0.6428571343421936, 0.6428571343421936, 0.7142857313156128, 0.6428571343421936, 0.6428571343421936]}"
medical_images,MLP,1.1080962419509888,0.6815789341926575,"[[55, 0, 0, 0, 0, 0, 0, 1, 10, 11], [0, 3, 13, 17, 1, 1, 2, 0, 2, 11], [0, 2, 31, 7, 3, 0, 0, 0, 0, 7], [0, 2, 1, 23, 0, 0, 0, 0, 0, 6], [0, 0, 1, 0, 25, 0, 0, 0, 0, 9], [0, 0, 0, 0, 0, 13, 0, 0, 0, 3], [0, 0, 0, 0, 2, 5, 17, 0, 2, 5], [4, 0, 0, 0, 0, 0, 0, 10, 4, 0], [12, 0, 0, 1, 0, 0, 0, 3, 20, 24], [23, 0, 5, 7, 5, 0, 0, 0, 30, 321]]","{""loss"": [1.589316964149475, 1.2402470111846924, 1.0466883182525635, 0.9007775187492371, 0.8869830965995789, 0.8934979438781738, 0.7684746384620667, 0.7464313507080078, 0.7019035220146179, 0.6748918294906616, 0.6192013025283813, 0.5557684898376465, 0.5431857705116272, 0.5409255027770996, 0.5427190065383911, 0.5433720946311951, 0.5125408172607422, 0.6009805798530579, 0.616986095905304, 0.48726823925971985], ""accuracy"": [0.49013158679008484, 0.5657894611358643, 0.5986841917037964, 0.6282894611358643, 0.6546052694320679, 0.6282894611358643, 0.6842105388641357, 0.6611841917037964, 0.7039473652839661, 0.7302631735801697, 0.7532894611358643, 0.7796052694320679, 0.7697368264198303, 0.7861841917037964, 0.7861841917037964, 0.75, 0.7894737124443054, 0.7730262875556946, 0.7763158082962036, 0.7861841917037964], ""val_loss"": [1.1993327140808105, 1.1510599851608276, 0.9328950047492981, 0.9677318930625916, 0.9005836248397827, 0.8017529249191284, 1.1218873262405396, 0.98225998878479, 0.7366158366203308, 0.6576025485992432, 0.8114728331565857, 0.8395057916641235, 0.892824649810791, 0.8673070073127747, 0.9245141744613647, 0.6976900696754456, 0.8857876658439636, 0.9715052247047424, 0.8170015215873718, 0.7889803051948547], ""val_accuracy"": [0.5714285969734192, 0.5454545617103577, 0.6623376607894897, 0.649350643157959, 0.6363636255264282, 0.6883116960525513, 0.5454545617103577, 0.5974025726318359, 0.7142857313156128, 0.7142857313156128, 0.5974025726318359, 0.701298713684082, 0.6623376607894897, 0.6883116960525513, 0.5974025726318359, 0.7142857313156128, 0.6363636255264282, 0.6753246784210205, 0.701298713684082, 0.6883116960525513]}"
middle_phalanx_age_group,MLP,0.9819144606590271,0.4935064911842346,"[[18, 15, 4], [18, 47, 23], [9, 9, 11]]","{""loss"": [0.9314573407173157, 0.677729606628418, 0.6283337473869324, 0.6050301194190979, 0.613210141658783, 0.6028198003768921, 0.5832883715629578, 0.5664718151092529, 0.6097267270088196, 0.5790532231330872, 0.5681570768356323, 0.56706303358078, 0.5949796438217163, 0.5642445087432861, 0.560378909111023, 0.5701216459274292, 0.553390622138977, 0.548961877822876, 0.5600577592849731, 0.5657206177711487], ""accuracy"": [0.5531250238418579, 0.715624988079071, 0.71875, 0.7437499761581421, 0.75, 0.75, 0.762499988079071, 0.737500011920929, 0.75, 0.78125, 0.75, 0.746874988079071, 0.734375, 0.762499988079071, 0.7562500238418579, 0.75, 0.762499988079071, 0.765625, 0.765625, 0.778124988079071], ""val_loss"": [0.3545590341091156, 0.3516342043876648, 0.42416471242904663, 0.36491915583610535, 0.3616090714931488, 0.3304397463798523, 0.45991411805152893, 0.3295276165008545, 0.3399842083454132, 0.3291498124599457, 0.36997416615486145, 0.34760817885398865, 0.40947332978248596, 0.3478573262691498, 0.3325318396091461, 0.3341906666755676, 0.35053810477256775, 0.3326449394226074, 0.36288851499557495, 0.3319665491580963], ""val_accuracy"": [0.875, 0.887499988079071, 0.887499988079071, 0.875, 0.862500011920929, 0.887499988079071, 0.875, 0.887499988079071, 0.862500011920929, 0.875, 0.887499988079071, 0.875, 0.875, 0.875, 0.887499988079071, 0.887499988079071, 0.862500011920929, 0.887499988079071, 0.875, 0.8500000238418579]}"
middle_phalanx_correct,MLP,0.671941876411438,0.5738831758499146,"[[1, 124], [0, 166]]","{""loss"": [0.7206604480743408, 0.6710073351860046, 0.6777077913284302, 0.6664849519729614, 0.6658251881599426, 0.6505832076072693, 0.6510903835296631, 0.6569648385047913, 0.655386745929718, 0.6587789058685303, 0.6371127367019653, 0.6563875079154968, 0.6513607501983643, 0.6512896418571472, 0.6450613141059875, 0.6361364126205444, 0.6424961686134338, 0.6328461170196533, 0.652653157711029, 0.6446343660354614], ""accuracy"": [0.6041666865348816, 0.612500011920929, 0.6229166388511658, 0.6104166507720947, 0.6416666507720947, 0.625, 0.6229166388511658, 0.6187499761581421, 0.637499988079071, 0.6395833492279053, 0.6625000238418579, 0.6541666388511658, 0.6645833253860474, 0.6479166746139526, 0.6583333611488342, 0.6625000238418579, 0.6770833134651184, 0.668749988079071, 0.65625, 0.6666666865348816], ""val_loss"": [0.79151451587677, 0.6010977625846863, 0.6779651641845703, 0.5965268015861511, 0.621357798576355, 0.5845797061920166, 0.6077018976211548, 0.5833746790885925, 0.5852883458137512, 0.5848910808563232, 0.5901146531105042, 0.5989724397659302, 0.5881404280662537, 0.6234148144721985, 0.5568349361419678, 0.5337023138999939, 0.5825843214988708, 0.5769545435905457, 0.5340725183486938, 0.594431459903717], ""val_accuracy"": [0.3083333373069763, 0.6916666626930237, 0.8166666626930237, 0.6916666626930237, 0.7250000238418579, 0.7083333134651184, 0.6916666626930237, 0.7083333134651184, 0.7333333492279053, 0.7333333492279053, 0.7083333134651184, 0.7666666507720947, 0.7333333492279053, 0.8083333373069763, 0.7749999761581421, 0.7583333253860474, 0.800000011920929, 0.7250000238418579, 0.7583333253860474, 0.7333333492279053]}"
phalanges_outlines_correct,MLP,0.6258272528648376,0.6480186581611633,"[[37, 295], [7, 519]]","{""loss"": [0.6660656929016113, 0.6377758979797363, 0.622745156288147, 0.6083580851554871, 0.6175389885902405, 0.6275541186332703, 0.6041171550750732, 0.5956811904907227, 0.5970936417579651, 0.600628137588501, 0.5878884792327881, 0.5881177186965942, 0.5825174450874329, 0.5912286043167114, 0.5635267496109009, 0.5706199407577515, 0.5661354660987854, 0.5704149603843689, 0.5677794814109802, 0.5615079402923584], ""accuracy"": [0.6270833611488342, 0.6652777791023254, 0.6847222447395325, 0.6937500238418579, 0.6770833134651184, 0.6805555820465088, 0.7006944417953491, 0.6958333253860474, 0.6979166865348816, 0.6979166865348816, 0.699305534362793, 0.7076388597488403, 0.7027778029441833, 0.7138888835906982, 0.7277777791023254, 0.7180555462837219, 0.7243055701255798, 0.7229166626930237, 0.7145833373069763, 0.7201389074325562], ""val_loss"": [0.716838002204895, 0.6809008121490479, 0.659656286239624, 0.6910874247550964, 0.7362837195396423, 0.6544201970100403, 0.6595625281333923, 0.6787882447242737, 0.6860742568969727, 0.6582516431808472, 0.674172580242157, 0.6692332625389099, 0.6610672473907471, 0.6669133901596069, 0.6868135929107666, 0.6724006533622742, 0.6689838767051697, 0.7130070924758911, 0.6922464370727539, 0.7030885815620422], ""val_accuracy"": [0.6083333492279053, 0.6111111044883728, 0.6138888597488403, 0.6111111044883728, 0.6111111044883728, 0.6138888597488403, 0.6138888597488403, 0.6138888597488403, 0.6138888597488403, 0.6166666746139526, 0.6138888597488403, 0.6138888597488403, 0.6138888597488403, 0.6138888597488403, 0.6111111044883728, 0.6166666746139526, 0.6111111044883728, 0.6138888597488403, 0.6138888597488403, 0.6138888597488403]}"
plane,MLP,0.14082519710063934,0.961904764175415,"[[14, 1, 0, 0, 0, 0, 0], [3, 13, 0, 0, 0, 0, 0], [0, 0, 21, 0, 0, 0, 0], [0, 0, 0, 14, 0, 0, 0], [0, 0, 0, 0, 17, 0, 0], [0, 0, 0, 0, 0, 12, 0], [0, 0, 0, 0, 0, 0, 10]]","{""loss"": [1.6130788326263428, 0.6981377005577087, 0.34795594215393066, 0.24711483716964722, 0.0641845241189003, 0.1578911393880844, 0.07662095129489899, 0.04402468353509903, 0.03653048351407051, 0.08406418561935425, 0.07389620691537857, 0.0620499923825264, 0.11602351814508438, 0.09475469589233398, 0.026675082743167877, 0.029862936586141586, 0.11511784791946411, 0.07322245836257935, 0.023735234513878822, 0.05122985318303108], ""accuracy"": [0.4047619104385376, 0.738095223903656, 0.8690476417541504, 0.9047619104385376, 0.988095223903656, 0.9404761791229248, 0.9642857313156128, 0.988095223903656, 0.988095223903656, 0.988095223903656, 0.976190447807312, 0.9642857313156128, 0.9642857313156128, 0.988095223903656, 1.0, 0.988095223903656, 0.9642857313156128, 0.976190447807312, 0.988095223903656, 0.988095223903656], ""val_loss"": [0.7921433448791504, 0.6211251020431519, 0.3243502676486969, 0.39578792452812195, 0.38349977135658264, 0.5836625099182129, 0.4599573612213135, 0.456612229347229, 0.503648042678833, 0.6793032884597778, 0.5668674111366272, 0.9039655327796936, 0.6244194507598877, 0.634468674659729, 0.6995377540588379, 0.589694619178772, 0.6460832357406616, 0.6912971138954163, 0.6505725383758545, 0.7424235343933105], ""val_accuracy"": [0.7142857313156128, 0.8095238208770752, 0.8571428656578064, 0.9047619104385376, 0.9523809552192688, 0.8571428656578064, 0.9523809552192688, 0.9523809552192688, 0.9523809552192688, 0.9047619104385376, 0.9047619104385376, 0.9047619104385376, 0.9047619104385376, 0.9523809552192688, 0.9523809552192688, 0.9523809552192688, 0.9523809552192688, 0.9523809552192688, 0.9047619104385376, 0.9523809552192688]}"
power_cons,MLP,0.37344640493392944,0.9166666865348816,"[[89, 1], [14, 76]]","{""loss"": [0.6313504576683044, 0.2343314290046692, 0.18182188272476196, 0.21073120832443237, 0.2514764070510864, 0.26916566491127014, 0.16607984900474548, 0.07918977737426758, 0.04969517141580582, 0.1220935732126236, 0.06855160742998123, 0.08835520595312119, 0.16524149477481842, 0.2616090476512909, 0.06536683440208435, 0.047442078590393066, 0.12944208085536957, 0.09794627130031586, 0.1115364208817482, 0.23618324100971222], ""accuracy"": [0.7152777910232544, 0.8958333134651184, 0.9513888955116272, 0.9097222089767456, 0.9166666865348816, 0.8888888955116272, 0.9444444179534912, 0.9791666865348816, 0.9791666865348816, 0.9444444179534912, 0.9652777910232544, 0.9652777910232544, 0.9305555820465088, 0.9513888955116272, 0.9861111044883728, 0.9930555820465088, 0.9652777910232544, 0.9722222089767456, 0.9722222089767456, 0.9097222089767456], ""val_loss"": [0.24552777409553528, 0.2953645586967468, 0.21893852949142456, 0.3234366476535797, 1.3011806011199951, 1.3413898944854736, 0.22038425505161285, 0.31678423285484314, 0.37447690963745117, 0.1730150580406189, 0.2525574266910553, 0.29604214429855347, 1.8393408060073853, 0.8009668588638306, 0.13004106283187866, 0.1824267953634262, 0.32560139894485474, 1.5336445569992065, 1.3971073627471924, 0.9834657311439514], ""val_accuracy"": [0.8888888955116272, 0.9166666865348816, 0.8611111044883728, 0.9444444179534912, 0.7222222089767456, 0.7222222089767456, 0.9166666865348816, 0.9166666865348816, 0.9166666865348816, 0.9444444179534912, 0.9166666865348816, 0.9444444179534912, 0.6944444179534912, 0.8333333134651184, 0.9722222089767456, 0.8888888955116272, 0.9722222089767456, 0.8333333134651184, 0.8055555820465088, 0.8333333134651184]}"
share_price_increase,MLP,2.00832462310791,0.6884058117866516,"[[641, 22], [279, 24]]","{""loss"": [0.5680490136146545, 0.42803770303726196, 0.376328706741333, 0.30764079093933105, 0.296222060918808, 0.25076255202293396, 0.18600748479366302, 0.1920495331287384, 0.14297793805599213, 0.1710139662027359, 0.11859920620918274, 0.147368386387825, 0.09695090353488922, 0.12195466458797455, 0.08763691782951355, 0.04239468276500702, 0.059078704565763474, 0.11804619431495667, 0.09741496294736862, 0.0895252525806427], ""accuracy"": [0.8238341808319092, 0.8536269664764404, 0.8588082790374756, 0.8704662919044495, 0.8847150206565857, 0.893782377243042, 0.9274611473083496, 0.9222797751426697, 0.9391191601753235, 0.9391191601753235, 0.9559585452079773, 0.946891188621521, 0.9689119458198547, 0.962435245513916, 0.9702072739601135, 0.9883419871330261, 0.9805699586868286, 0.9663212299346924, 0.9650259017944336, 0.9727979302406311], ""val_loss"": [1.9381030797958374, 1.4054821729660034, 2.720884084701538, 3.360285997390747, 3.010122060775757, 4.323554515838623, 4.6631059646606445, 3.3894410133361816, 9.78814697265625, 4.60264778137207, 5.073689937591553, 6.9837260246276855, 8.113608360290527, 5.1895060539245605, 5.565506935119629, 9.22997760772705, 7.141683578491211, 6.851783752441406, 6.615703582763672, 7.122600555419922], ""val_accuracy"": [0.005181347019970417, 0.17098446190357208, 0.07772020995616913, 0.04663212597370148, 0.041450776159763336, 0.036269430071115494, 0.041450776159763336, 0.1865285038948059, 0.015544041059911251, 0.09326425194740295, 0.11398963630199432, 0.015544041059911251, 0.041450776159763336, 0.08290155231952667, 0.09326425194740295, 0.05181347206234932, 0.11398963630199432, 0.05181347206234932, 0.06735751032829285, 0.036269430071115494]}"
strawberry,MLP,0.37598007917404175,0.8135135173797607,"[[123, 9], [60, 178]]","{""loss"": [0.6770280003547668, 0.5539668202400208, 0.5204064249992371, 0.5072299242019653, 0.4674367308616638, 0.4313606023788452, 0.4825359284877777, 0.43622857332229614, 0.3945835828781128, 0.42145836353302, 0.40614983439445496, 0.3940381109714508, 0.3828124403953552, 0.3621593415737152, 0.37092190980911255, 0.32148101925849915, 0.3653244972229004, 0.3601307272911072, 0.32989293336868286, 0.31065481901168823], ""accuracy"": [0.6387755274772644, 0.6714285612106323, 0.704081654548645, 0.6897959113121033, 0.7346938848495483, 0.7755101919174194, 0.7571428418159485, 0.7714285850524902, 0.8040816187858582, 0.8040816187858582, 0.8081632852554321, 0.8102040886878967, 0.8244897723197937, 0.8285714387893677, 0.8244897723197937, 0.863265335559845, 0.8142856955528259, 0.844897985458374, 0.8510203957557678, 0.8734694123268127], ""val_loss"": [0.6101309657096863, 0.6528359055519104, 0.6073449850082397, 0.5447158813476562, 0.5654475092887878, 0.4262368977069855, 0.536697506904602, 0.46718132495880127, 0.43198978900909424, 0.4958958923816681, 0.4186289608478546, 0.3662342429161072, 0.4447007179260254, 0.46776890754699707, 0.38555020093917847, 0.43102771043777466, 0.4660051763057709, 0.42956194281578064, 0.3245052099227905, 0.34312036633491516], ""val_accuracy"": [0.6504064798355103, 0.6097561120986938, 0.6747967600822449, 0.7886179089546204, 0.6747967600822449, 0.8455284833908081, 0.6666666865348816, 0.8048780560493469, 0.8292682766914368, 0.6829268336296082, 0.7967479825019836, 0.869918704032898, 0.772357702255249, 0.7642276287078857, 0.869918704032898, 0.8211382031440735, 0.7479674816131592, 0.7886179089546204, 0.9024389982223511, 0.8292682766914368]}"
swedish_leaf,MLP,0.6192781925201416,0.8047999739646912,"[[36, 0, 2, 1, 0, 0, 0, 0, 6, 0, 1, 0, 0, 0, 0], [0, 38, 0, 0, 0, 0, 0, 0, 0, 0, 0, 1, 0, 0, 0], [2, 0, 30, 0, 0, 0, 5, 0, 2, 0, 1, 0, 0, 0, 0], [0, 0, 2, 27, 2, 0, 1, 1, 0, 1, 1, 0, 0, 2, 2], [0, 0, 0, 0, 22, 0, 0, 2, 0, 0, 0, 0, 12, 0, 6], [0, 0, 1, 0, 1, 31, 0, 2, 0, 0, 0, 3, 0, 0, 7], [0, 0, 0, 0, 0, 0, 47, 0, 0, 0, 0, 0, 0, 0, 0], [0, 2, 0, 0, 0, 0, 0, 40, 0, 0, 0, 2, 0, 0, 0], [16, 0, 1, 0, 0, 0, 0, 0, 25, 0, 0, 0, 0, 0, 0], [0, 0, 1, 2, 0, 0, 0, 0, 1, 30, 0, 0, 0, 15, 0], [0, 0, 0, 0, 0, 0, 0, 0, 0, 0, 39, 0, 0, 0, 1], [0, 0, 0, 0, 0, 0, 0, 0, 0, 0, 0, 35, 2, 0, 0], [0, 0, 0, 0, 0, 0, 0, 0, 0, 0, 0, 0, 41, 0, 1], [0, 0, 0, 0, 0, 2, 2, 0, 0, 0, 4, 0, 0, 23, 2], [0, 0, 0, 0, 0, 0, 0, 0, 0, 0, 1, 0, 0, 0, 39]]","{""loss"": [2.379286527633667, 1.6110256910324097, 1.3950592279434204, 1.2100318670272827, 1.0901539325714111, 0.9275276064872742, 0.8253832459449768, 0.9028672575950623, 0.7648872137069702, 0.7574043869972229, 0.7965167760848999, 0.6167795062065125, 0.6568018198013306, 0.68079674243927, 0.6397569179534912, 0.660906970500946, 0.4989756643772125, 0.5541965365409851, 0.6796579957008362, 0.47370511293411255], ""accuracy"": [0.2175000011920929, 0.4300000071525574, 0.4950000047683716, 0.5525000095367432, 0.5774999856948853, 0.6549999713897705, 0.6675000190734863, 0.6424999833106995, 0.7049999833106995, 0.7400000095367432, 0.7149999737739563, 0.7649999856948853, 0.7749999761581421, 0.737500011920929, 0.7450000047683716, 0.7674999833106995, 0.7875000238418579, 0.7699999809265137, 0.7825000286102295, 0.8075000047683716], ""val_loss"": [1.9071136713027954, 1.584659218788147, 1.1902636289596558, 1.2101653814315796, 1.1853411197662354, 1.0036437511444092, 0.9220886826515198, 0.9321246147155762, 0.8386015892028809, 1.075829267501831, 0.7709154486656189, 1.0113285779953003, 0.8353720307350159, 0.8841951489448547, 1.0945022106170654, 0.8780462145805359, 0.8483891487121582, 1.1157697439193726, 0.8717251420021057, 0.9441157579421997], ""val_accuracy"": [0.3100000023841858, 0.44999998807907104, 0.5600000023841858, 0.6499999761581421, 0.5899999737739563, 0.75, 0.7300000190734863, 0.6700000166893005, 0.7200000286102295, 0.6000000238418579, 0.7200000286102295, 0.7200000286102295, 0.699999988079071, 0.75, 0.7200000286102295, 0.7900000214576721, 0.7200000286102295, 0.7099999785423279, 0.7099999785423279, 0.7599999904632568]}"
synthetic_control,MLP,5.346551895141602,0.7933333516120911,"[[39, 6, 4, 0, 1, 0], [0, 50, 0, 0, 0, 0], [0, 0, 50, 0, 0, 0], [0, 0, 0, 50, 0, 0], [0, 0, 1, 0, 49, 0], [0, 0, 0, 50, 0, 0]]","{""loss"": [0.8107682466506958, 0.2529928982257843, 0.11657024919986725, 0.11231553554534912, 0.05659087747335434, 0.030967440456151962, 0.011104753240942955, 0.01497521623969078, 0.027883324772119522, 0.07616577297449112, 0.036974430084228516, 0.016811711713671684, 0.023020567372441292, 0.006742105353623629, 0.020546257495880127, 0.014060665853321552, 0.00580170750617981, 0.0052123344503343105, 0.027840495109558105, 0.0362451896071434], ""accuracy"": [0.6416666507720947, 0.8958333134651184, 0.9541666507720947, 0.9666666388511658, 0.9708333611488342, 0.987500011920929, 1.0, 0.9958333373069763, 0.9916666746139526, 0.9708333611488342, 0.9833333492279053, 0.9958333373069763, 0.9916666746139526, 1.0, 0.987500011920929, 0.9916666746139526, 1.0, 0.9958333373069763, 0.9916666746139526, 0.9833333492279053], ""val_loss"": [8.77554702758789, 13.723308563232422, 14.556093215942383, 16.114538192749023, 16.85562515258789, 17.110368728637695, 22.513011932373047, 21.86371612548828, 20.159770965576172, 20.655609130859375, 20.24422264099121, 19.71318244934082, 24.7806396484375, 23.71002769470215, 23.822839736938477, 23.556148529052734, 28.029878616333008, 25.778705596923828, 26.161165237426758, 26.035179138183594], ""val_accuracy"": [0.0, 0.1666666716337204, 0.15000000596046448, 0.15000000596046448, 0.15000000596046448, 0.15000000596046448, 0.15000000596046448, 0.15000000596046448, 0.15000000596046448, 0.1666666716337204, 0.15000000596046448, 0.15000000596046448, 0.15000000596046448, 0.15000000596046448, 0.1666666716337204, 0.15000000596046448, 0.15000000596046448, 0.15000000596046448, 0.15000000596046448, 0.15000000596046448]}"
trace,MLP,0.9531908631324768,0.5899999737739563,"[[16, 8, 0, 0], [5, 24, 0, 0], [0, 0, 0, 28], [0, 0, 0, 19]]","{""loss"": [1.0112265348434448, 0.9558664560317993, 1.018014669418335, 0.6759250164031982, 0.6962941884994507, 0.7676852345466614, 0.5541005730628967, 0.5449758768081665, 0.46589455008506775, 0.5808010697364807, 0.5315759181976318, 0.5263694524765015, 0.5083237886428833, 0.5445438623428345, 0.4900514483451843, 0.5623399019241333, 0.6507627964019775, 0.6732436418533325, 0.5026030540466309, 0.45799368619918823], ""accuracy"": [0.5, 0.512499988079071, 0.5874999761581421, 0.6000000238418579, 0.637499988079071, 0.574999988079071, 0.699999988079071, 0.75, 0.7749999761581421, 0.7250000238418579, 0.6499999761581421, 0.75, 0.7250000238418579, 0.7124999761581421, 0.625, 0.762499988079071, 0.612500011920929, 0.699999988079071, 0.6875, 0.7749999761581421], ""val_loss"": [0.8063575029373169, 1.971962332725525, 0.7803088426589966, 1.0395987033843994, 0.8210061192512512, 0.9928979873657227, 0.8024400472640991, 0.8709861636161804, 1.2089296579360962, 0.8119853734970093, 1.143393635749817, 1.5137264728546143, 1.0186731815338135, 1.1559916734695435, 0.9604376554489136, 1.1829569339752197, 1.6644424200057983, 0.9629124402999878, 0.9774778485298157, 1.085202693939209], ""val_accuracy"": [0.6000000238418579, 0.4000000059604645, 0.699999988079071, 0.5, 0.699999988079071, 0.5, 0.6499999761581421, 0.6499999761581421, 0.5, 0.6000000238418579, 0.6000000238418579, 0.4000000059604645, 0.6499999761581421, 0.44999998807907104, 0.6000000238418579, 0.6000000238418579, 0.44999998807907104, 0.75, 0.75, 0.6499999761581421]}"
